msme_id,segment,elec_on_time_ratio,recharge_on_time_ratio,invoice_paid_on_time_ratio,supplier_on_time_ratio,business_days_open_ratio,monthly_upi_in_count,monthly_upi_in_amt,years_in_business,delivery_cancellations,avg_balance,min_balance_freq,monthly_revenue_variance,defaulted_12m
msme_000000,restaurant,0.8593,0.7253,0.6589,0.602,0.9647,32,2167.99,1.73,0,41984.73,0.075,0.39,0
msme_000001,restaurant,0.941,0.7304,0.3569,0.7712,0.9814,17,13036.95,8.82,0,9202.34,0.3646,0.1328,0
msme_000002,tailor,0.7739,0.6831,0.5807,0.6183,0.9223,35,33872.01,3.7,1,0.0,0.3251,0.4097,0
msme_000003,kirana,0.6688,0.7275,0.7699,0.6481,0.946,25,61323.41,1.95,1,17509.09,0.2132,0.0444,0
msme_000004,salon,0.5177,0.6596,0.6252,0.9189,0.8716,33,35842.56,3.59,0,4065.44,0.1984,0.2715,0
msme_000005,pharmacy,0.6933,0.9433,0.6437,0.7718,0.9128,31,20217.41,6.23,0,29848.3,0.3944,0.2275,0
msme_000006,kirana,0.8694,0.635,0.3013,0.5469,0.7528,29,67850.01,16.57,1,35683.57,0.1324,0.1475,0
msme_000007,salon,0.8229,0.4596,0.6435,0.6919,0.955,27,54125.57,0.18,1,7161.07,0.4039,0.1318,0
msme_000008,salon,0.6837,0.7961,0.3405,0.6601,0.9818,23,71643.88,3.98,2,51832.34,0.368,0.1071,0
msme_000009,restaurant,0.9663,0.5135,0.714,0.8626,0.9117,28,103325.83,14.19,2,0.0,0.2531,0.1307,0
msme_000010,pharmacy,0.8328,0.7193,0.5905,0.7769,0.8295,30,70337.74,1.93,1,15934.39,0.1113,0.4763,0
msme_000011,salon,0.6465,0.751,0.6461,0.7925,0.992,36,78858.86,14.71,2,12839.27,0.4028,0.1722,0
msme_000012,kirana,0.9606,0.629,0.6422,0.771,0.8692,17,104745.07,1.62,0,7875.53,0.0238,0.1767,0
msme_000013,tailor,0.6951,0.355,0.7594,0.3623,0.9631,37,80945.41,2.99,0,21804.43,0.1806,0.4664,0
msme_000014,mechanic,0.8868,0.8843,0.4082,0.9273,0.9696,30,90715.39,9.92,1,0.0,0.1404,0.2287,0
msme_000015,tailor,0.8235,0.5428,0.7967,0.7203,0.8792,33,45211.68,8.03,1,18315.08,0.1941,0.1754,0
msme_000016,mechanic,0.6933,0.7633,0.716,0.7818,0.7567,31,49800.68,0.45,1,42199.16,0.0823,0.639,0
msme_000017,pharmacy,0.8083,0.7583,0.5901,0.7192,0.9658,24,52483.31,4.24,0,31270.81,0.0921,0.0637,0
msme_000018,mechanic,0.9686,0.6511,0.7592,0.5844,0.7576,23,44923.87,13.93,0,21298.85,0.1672,0.3118,0
msme_000019,kirana,0.7579,0.5278,0.7898,0.5881,0.8647,27,57173.53,7.9,1,22727.99,0.2855,0.0856,0
msme_000020,salon,0.6915,0.5499,0.8607,0.7151,0.7943,23,111143.8,0.1,3,21938.32,0.1797,0.0443,0
msme_000021,pharmacy,0.7195,0.8118,0.7641,0.9591,0.9808,29,29538.14,0.97,1,16535.98,0.3456,0.4356,0
msme_000022,mechanic,0.8852,0.7398,0.3522,0.4268,0.7829,23,14812.21,5.16,1,8332.75,0.2934,0.2185,0
msme_000023,salon,0.8408,0.7153,0.5994,0.7837,0.731,27,94117.17,2.39,1,793.56,0.576,0.1297,0
msme_000024,mechanic,0.5468,0.8891,0.8143,0.8061,0.8175,37,91636.86,0.96,2,35215.55,0.1127,0.3737,0
msme_000025,restaurant,0.9213,0.7506,0.7374,0.582,0.8384,30,11051.19,8.55,2,13994.28,0.0233,0.1022,0
msme_000026,restaurant,0.7962,0.5916,0.6664,0.7717,0.97,36,47989.61,4.54,0,4362.73,0.3538,0.1377,0
msme_000027,mechanic,0.7051,0.8372,0.7717,0.8457,0.9572,25,1658.04,5.69,0,1889.06,0.207,0.6677,0
msme_000028,tailor,0.7051,0.7503,0.5765,0.8306,0.9746,31,40586.18,4.34,0,14561.97,0.2303,0.3322,0
msme_000029,pharmacy,0.7771,0.8672,0.3622,0.5775,0.9056,33,60140.44,9.07,2,30725.11,0.0958,0.2853,0
msme_000030,restaurant,0.7987,0.9093,0.8235,0.7815,0.9916,41,13962.64,0.35,0,14555.64,0.1422,0.0947,0
msme_000031,tailor,0.6549,0.8746,0.4796,0.8897,0.9531,41,19318.51,1.6,2,44902.05,0.1321,0.4482,0
msme_000032,tailor,0.8588,0.6767,0.6621,0.8266,0.9551,35,49642.77,3.04,0,17404.48,0.1857,0.4982,0
msme_000033,restaurant,0.8193,0.6385,0.6407,0.7902,0.8299,25,56887.76,6.13,0,8021.82,0.3773,0.1211,0
msme_000034,restaurant,0.7128,0.4906,0.564,0.8753,0.9871,29,64106.93,6.49,1,1613.52,0.0236,0.0836,0
msme_000035,restaurant,0.9472,0.8206,0.6736,0.5661,0.62,26,57980.58,1.97,1,19296.19,0.4242,0.245,0
msme_000036,restaurant,0.5945,0.758,0.7526,0.6849,0.8939,16,72908.19,3.03,1,25197.33,0.0807,0.1047,0
msme_000037,pharmacy,0.8981,0.8511,0.3834,0.6673,0.9214,32,66710.2,5.36,1,19037.92,0.1975,0.6941,0
msme_000038,restaurant,0.6583,0.7465,0.6734,0.7932,0.9904,32,32796.24,2.39,2,53786.54,0.1,0.4102,0
msme_000039,tailor,0.8289,0.687,0.6521,0.9177,0.8419,24,44384.17,6.17,0,0.0,0.1585,0.2143,0
msme_000040,kirana,0.8587,0.6072,0.4848,0.4217,0.9148,31,65844.42,1.22,0,26206.99,0.1917,0.3136,0
msme_000041,kirana,0.5404,0.5666,0.6821,0.8088,0.8991,30,11102.61,2.02,3,16092.52,0.3509,0.2595,0
msme_000042,pharmacy,0.8318,0.8926,0.4316,0.7017,0.8364,33,23235.14,2.23,0,6653.81,0.1539,0.7055,0
msme_000043,tailor,0.8343,0.5252,0.5908,0.655,0.9841,30,54262.43,7.24,0,0.0,0.223,0.2307,0
msme_000044,salon,0.8405,0.7076,0.688,0.7662,0.9909,36,42438.26,1.83,1,4340.41,0.2399,0.19,0
msme_000045,mechanic,0.9065,0.5123,0.6465,0.6171,0.9806,27,1000.0,2.51,1,13325.81,0.0795,0.4229,0
msme_000046,pharmacy,0.9387,0.6347,0.7309,0.6593,0.7797,33,25709.65,0.96,0,37785.56,0.2267,0.4299,0
msme_000047,restaurant,0.8404,0.5376,0.8309,0.8085,0.8509,41,44468.66,10.9,1,15847.8,0.1988,0.49,0
msme_000048,mechanic,0.7875,0.7353,0.6084,0.8826,0.9801,31,76885.83,10.33,2,16242.98,0.1877,0.0786,0
msme_000049,restaurant,0.7022,0.7675,0.7684,0.4591,0.9382,29,79163.71,0.49,1,11405.03,0.1126,0.4348,0
msme_000050,mechanic,0.9051,0.7578,0.4466,0.8873,0.912,29,41259.7,2.64,1,23924.94,0.2999,0.5084,0
msme_000051,pharmacy,0.95,0.8106,0.4054,0.5985,0.9936,19,80673.33,1.52,0,16602.82,0.2419,0.5608,0
msme_000052,pharmacy,0.809,0.5733,0.6294,0.809,0.745,32,31635.21,9.51,1,7846.21,0.1396,0.3354,0
msme_000053,tailor,0.5263,0.6417,0.5452,0.7228,0.7054,37,52374.84,3.0,2,19084.35,0.1098,0.7268,0
msme_000054,kirana,0.8615,0.3382,0.6948,0.8392,0.9738,25,57449.56,0.82,1,31413.57,0.1215,0.1012,0
msme_000055,kirana,0.8557,0.6626,0.5803,0.5413,0.8735,36,35867.88,2.14,1,13839.37,0.2296,0.3272,0
msme_000056,tailor,0.5657,0.7662,0.8294,0.7207,0.8761,35,54489.54,1.51,2,18010.49,0.0797,0.4523,0
msme_000057,pharmacy,0.7928,0.7227,0.5335,0.6234,0.9614,27,23657.94,6.8,0,3982.96,0.1932,0.2626,0
msme_000058,pharmacy,0.6823,0.5966,0.6384,0.3186,0.946,32,84341.46,4.48,1,5517.53,0.0998,0.2334,0
msme_000059,pharmacy,0.9383,0.6527,0.7255,0.6972,0.9533,15,77111.99,4.24,1,11337.05,0.1317,0.2902,0
msme_000060,salon,0.8919,0.5262,0.712,0.5297,0.95,28,88034.96,0.37,0,12635.94,0.2512,0.6682,0
msme_000061,kirana,0.7433,0.8075,0.4947,0.4069,0.9006,26,71140.04,7.78,1,24330.4,0.3568,0.093,0
msme_000062,kirana,0.8806,0.7431,0.7495,0.677,0.9582,33,38154.02,3.52,2,19783.22,0.1887,0.1303,0
msme_000063,salon,0.8847,0.6484,0.4533,0.703,0.9398,31,34478.81,4.34,0,51111.24,0.08,0.4531,0
msme_000064,restaurant,0.6995,0.5231,0.5341,0.844,0.9656,25,76147.42,2.44,1,35840.85,0.1467,0.142,0
msme_000065,mechanic,0.8261,0.5679,0.6351,0.7715,0.5261,33,68127.39,6.74,0,27742.67,0.2274,0.2266,0
msme_000066,pharmacy,0.8916,0.6873,0.3547,0.6538,0.935,28,30931.88,1.94,1,21183.44,0.1231,0.4049,1
msme_000067,restaurant,0.8075,0.6085,0.6088,0.7634,0.8448,27,34345.25,1.62,1,20230.68,0.3507,0.1295,0
msme_000068,mechanic,0.8135,0.7554,0.3215,0.6442,0.9877,35,54932.89,0.25,0,20007.92,0.3725,0.1519,0
msme_000069,tailor,0.8468,0.7493,0.6086,0.5965,0.9513,28,51022.98,1.56,1,4967.19,0.0699,0.5903,0
msme_000070,kirana,0.8155,0.8148,0.4428,0.6698,0.9653,28,31444.26,1.78,3,22600.12,0.4053,0.1833,0
msme_000071,mechanic,0.8602,0.643,0.6952,0.6091,0.9305,28,29728.56,12.47,0,1136.33,0.3063,0.0694,0
msme_000072,salon,0.6772,0.7444,0.2,0.6165,0.9715,31,64713.83,2.87,1,22441.17,0.1619,0.1478,0
msme_000073,tailor,0.9095,0.7845,0.7634,0.8091,0.9353,33,31050.19,12.6,1,0.0,0.0745,0.0312,0
msme_000074,tailor,0.5229,0.828,0.4802,0.94,0.6821,38,16742.16,7.58,1,26135.42,0.0436,0.5417,0
msme_000075,salon,0.6827,0.8609,0.5964,0.7625,0.9603,27,80434.34,9.43,1,32308.33,0.4151,0.4114,0
msme_000076,salon,0.5899,0.8161,0.4878,0.9053,0.9143,28,56255.01,8.79,2,23451.06,0.2676,0.5311,0
msme_000077,kirana,0.5803,0.9633,0.6902,0.8125,0.8557,18,67470.71,0.99,2,26314.59,0.169,0.3597,0
msme_000078,mechanic,0.8505,0.6645,0.6844,0.4613,0.9467,19,7316.05,14.45,2,14603.47,0.0644,0.3141,0
msme_000079,mechanic,0.6374,0.8082,0.6746,0.6928,0.7657,27,91836.3,5.23,0,40106.92,0.3754,0.1682,0
msme_000080,tailor,0.8125,0.658,0.3668,0.8227,0.8617,39,45641.14,1.5,1,20237.11,0.2522,0.3382,0
msme_000081,kirana,0.8927,0.6632,0.6077,0.6718,0.9784,32,53858.42,0.35,1,45679.06,0.176,0.2461,0
msme_000082,pharmacy,0.6237,0.8922,0.4444,0.9182,0.9603,24,86090.8,0.37,0,31855.58,0.2666,0.3036,0
msme_000083,salon,0.5345,0.8218,0.3295,0.4257,0.8921,29,61840.8,0.99,1,6104.28,0.1179,0.1906,0
msme_000084,tailor,0.9556,0.7766,0.5642,0.9655,0.8092,32,17570.78,0.61,1,6569.81,0.1565,0.3467,0
msme_000085,salon,0.8394,0.7965,0.5449,0.9328,0.9757,29,80935.95,11.6,0,13140.48,0.5036,0.1629,0
msme_000086,salon,0.5775,0.6855,0.5471,0.8756,0.9935,35,66708.51,7.62,2,26146.44,0.1183,0.3087,0
msme_000087,pharmacy,0.7409,0.7486,0.5556,0.5044,0.9903,33,62769.8,7.95,0,35458.71,0.056,0.1586,0
msme_000088,salon,0.9523,0.6819,0.6981,0.9005,0.9649,26,42448.86,0.35,0,31351.83,0.2592,0.1231,0
msme_000089,restaurant,0.918,0.6106,0.5438,0.6666,0.983,40,37696.41,3.75,0,36776.86,0.2878,0.4013,0
msme_000090,mechanic,0.6875,0.8039,0.4859,0.6829,0.9117,33,25493.47,2.57,0,65929.2,0.0327,0.0358,0
msme_000091,restaurant,0.792,0.6431,0.5636,0.7272,0.6874,41,37884.28,2.44,0,10105.97,0.125,0.2262,0
msme_000092,pharmacy,0.9432,0.7302,0.3867,0.6707,0.7972,23,20858.21,4.89,0,20270.62,0.0947,0.311,0
msme_000093,pharmacy,0.8057,0.7814,0.5409,0.6124,0.8943,23,97603.41,3.36,1,44389.38,0.0153,0.0848,0
msme_000094,tailor,0.8844,0.6641,0.41,0.6887,0.9595,26,33079.27,10.23,3,0.0,0.0909,0.3251,0
msme_000095,kirana,0.5539,0.8637,0.748,0.8093,0.9941,29,72168.31,0.88,0,0.0,0.1742,0.3577,0
msme_000096,tailor,0.8225,0.6591,0.7456,0.8179,0.7581,26,20693.49,9.42,3,37203.19,0.1972,0.1931,0
msme_000097,kirana,0.9047,0.7814,0.7751,0.9776,0.9365,34,69435.18,0.1,0,5766.25,0.4232,0.4111,0
msme_000098,restaurant,0.7632,0.745,0.4007,0.5042,0.9391,28,46932.28,4.3,1,21400.59,0.2392,0.1745,0
msme_000099,kirana,0.5984,0.6517,0.6572,0.4837,0.9586,28,60834.72,1.99,0,18975.84,0.1088,0.3933,0
msme_000100,mechanic,0.8547,0.9613,0.5286,0.8508,0.8816,20,1000.0,8.97,2,37157.55,0.1414,0.3125,0
msme_000101,tailor,0.8416,0.6447,0.8028,0.7705,0.9054,30,85736.45,2.8,2,22278.16,0.5316,0.1167,0
msme_000102,pharmacy,0.9789,0.7782,0.5266,0.8323,0.9252,33,61087.54,1.26,0,2721.97,0.0104,0.5447,0
msme_000103,tailor,0.7999,0.5593,0.6345,0.6776,0.9985,35,47961.93,0.21,1,20619.88,0.3082,0.4814,0
msme_000104,salon,0.8857,0.9381,0.4584,0.8914,0.9749,31,34837.42,0.81,0,26838.56,0.1327,0.2877,0
msme_000105,tailor,0.6131,0.7312,0.6368,0.6604,0.5331,33,72342.44,10.05,0,54224.78,0.2145,0.1081,0
msme_000106,pharmacy,0.7758,0.7136,0.5107,0.6763,0.9613,32,57093.78,9.47,0,5181.9,0.0638,0.4384,0
msme_000107,kirana,0.4772,0.8976,0.5146,0.4017,0.9308,35,31671.1,5.69,1,29789.7,0.0771,0.2163,0
msme_000108,mechanic,0.8789,0.6594,0.7765,0.6808,0.9262,21,85456.01,2.46,0,0.0,0.1793,0.2353,0
msme_000109,pharmacy,0.6497,0.673,0.4644,0.6961,0.9977,26,85986.14,4.8,1,19191.43,0.1112,0.1875,0
msme_000110,kirana,0.7348,0.6073,0.7281,0.7422,0.72,19,24340.77,5.63,1,38450.01,0.0634,0.1396,0
msme_000111,restaurant,0.9741,0.6839,0.4801,0.6211,0.9405,32,7933.53,0.68,1,4639.57,0.0762,0.3872,0
msme_000112,pharmacy,0.6619,0.5939,0.7331,0.7615,0.9743,41,60837.64,10.4,1,26539.63,0.0084,0.4018,0
msme_000113,kirana,0.9527,0.8326,0.6436,0.6593,0.9107,29,106810.87,1.25,1,33335.56,0.3113,0.1632,0
msme_000114,tailor,0.8571,0.9595,0.5631,0.8103,0.9902,17,51721.14,3.9,1,13181.78,0.2608,0.253,0
msme_000115,tailor,0.9052,0.8493,0.7393,0.892,0.8165,33,70387.53,0.38,0,19278.67,0.1118,0.243,0
msme_000116,mechanic,0.6642,0.5746,0.7457,0.6864,0.7401,28,84202.46,3.31,1,2468.88,0.2403,0.4033,0
msme_000117,kirana,0.8369,0.8791,0.5072,0.8653,0.9944,31,49192.98,0.96,1,32788.94,0.3673,0.2509,0
msme_000118,salon,0.8939,0.9077,0.7336,0.3728,0.9671,30,32024.83,8.35,0,0.0,0.262,0.1759,0
msme_000119,restaurant,0.8241,0.8005,0.5225,0.5704,0.955,27,69645.3,7.26,2,25729.5,0.1546,0.1766,0
msme_000120,kirana,0.9362,0.6918,0.7141,0.7985,0.9661,27,40566.45,9.78,2,30759.25,0.2091,0.5808,0
msme_000121,tailor,0.9155,0.6602,0.7294,0.6443,0.9435,24,95162.91,3.98,0,21366.51,0.3087,0.1589,0
msme_000122,pharmacy,0.9141,0.6112,0.7436,0.6866,0.9542,30,50380.68,3.54,0,35717.77,0.2398,0.5195,0
msme_000123,pharmacy,0.4959,0.5193,0.6042,0.64,0.9875,20,66989.39,13.21,1,0.0,0.1329,0.3985,0
msme_000124,tailor,0.5393,0.6911,0.7072,0.5095,0.9323,25,75045.62,0.1,0,12536.44,0.1284,0.0442,0
msme_000125,pharmacy,0.675,0.7436,0.7164,0.569,0.8453,38,39689.65,1.67,0,0.0,0.0357,0.0835,0
msme_000126,pharmacy,0.8034,0.6767,0.6145,0.6789,0.9863,35,20595.67,0.79,5,27313.4,0.0941,0.4358,0
msme_000127,restaurant,0.8452,0.6133,0.4892,0.5823,0.8602,25,78676.53,0.42,0,11957.42,0.1499,0.2066,0
msme_000128,salon,0.9678,0.8504,0.3276,0.8942,0.9363,29,67458.02,4.21,2,16205.72,0.3396,0.2383,0
msme_000129,pharmacy,0.6586,0.4238,0.4186,0.7831,0.8945,33,1000.0,2.96,0,31290.23,0.1029,0.2169,0
msme_000130,mechanic,0.7211,0.6392,0.6037,0.3768,0.9822,33,20811.64,1.19,0,27808.3,0.4242,0.3622,0
msme_000131,kirana,0.6677,0.775,0.4336,0.7049,0.9485,30,87701.19,3.66,0,12171.4,0.1441,0.3524,0
msme_000132,salon,0.9832,0.7559,0.7056,0.6563,0.9627,36,34252.89,1.08,2,5225.1,0.1451,0.2368,0
msme_000133,mechanic,0.9222,0.5785,0.5379,0.8544,0.9805,27,49442.49,12.2,1,9666.72,0.1531,0.1324,0
msme_000134,salon,0.9741,0.636,0.3897,0.6349,0.982,34,78184.35,1.28,1,14553.25,0.0263,0.2404,0
msme_000135,salon,0.815,0.7447,0.6577,0.8444,0.6768,25,46695.77,2.45,0,21084.18,0.2824,0.1374,0
msme_000136,salon,0.9299,0.849,0.8218,0.6806,0.9464,33,22612.02,3.51,0,36055.48,0.3254,0.2352,0
msme_000137,tailor,0.858,0.8613,0.6351,0.9221,0.9612,24,74659.41,3.19,0,9320.4,0.1743,0.2358,0
msme_000138,kirana,0.9166,0.7944,0.5113,0.6877,0.928,30,56588.77,10.92,1,30157.73,0.4902,0.3257,0
msme_000139,tailor,0.7349,0.5927,0.2771,0.5616,0.7193,42,41988.44,1.49,1,20371.45,0.3658,0.1772,0
msme_000140,salon,0.8613,0.3784,0.5948,0.8146,0.9093,26,67467.22,5.22,1,21078.21,0.2216,0.1668,0
msme_000141,salon,0.7881,0.5916,0.5404,0.5261,0.9144,27,16976.87,4.3,1,0.0,0.2549,0.1837,0
msme_000142,kirana,0.8867,0.6008,0.8619,0.7384,0.9249,35,67585.7,0.35,0,20665.38,0.0336,0.3187,0
msme_000143,salon,0.9619,0.5034,0.4319,0.6713,0.9112,31,1000.0,4.33,2,15239.74,0.11,0.169,0
msme_000144,mechanic,0.9582,0.6592,0.5838,0.5906,0.9884,29,50810.18,3.94,0,34916.71,0.2513,0.3333,0
msme_000145,tailor,0.8793,0.5121,0.7502,0.745,0.8637,49,62182.63,5.21,0,36078.95,0.1283,0.2654,0
msme_000146,mechanic,0.7152,0.567,0.2186,0.7417,0.7588,38,29933.47,5.55,1,18841.74,0.3471,0.0813,0
msme_000147,pharmacy,0.7744,0.6364,0.484,0.7604,0.9679,32,57218.2,0.13,2,32646.58,0.3997,0.3266,0
msme_000148,restaurant,0.6246,0.7302,0.6263,0.6415,0.9047,39,60517.49,3.47,1,11331.19,0.0514,0.4241,0
msme_000149,mechanic,0.8379,0.9407,0.6889,0.6483,0.9845,23,35233.14,2.75,1,25225.13,0.0591,0.0656,0
msme_000150,kirana,0.7928,0.5672,0.8224,0.7563,0.9407,29,59255.3,1.46,0,28764.71,0.2425,0.5161,0
msme_000151,salon,0.7052,0.3936,0.7436,0.8905,0.783,45,50353.73,1.78,0,32133.79,0.1275,0.2717,0
msme_000152,kirana,0.8443,0.607,0.4216,0.4988,0.8719,36,60544.5,10.88,1,39652.88,0.0393,0.2088,0
msme_000153,tailor,0.7346,0.5587,0.2493,0.8676,0.9786,25,35682.96,8.86,1,25795.74,0.4099,0.2549,0
msme_000154,tailor,0.6159,0.7029,0.4033,0.833,0.9026,29,35860.59,2.61,2,12930.26,0.0921,0.5762,0
msme_000155,kirana,0.9339,0.6371,0.6579,0.8699,0.9607,45,26248.41,2.07,0,34269.59,0.2148,0.3397,0
msme_000156,mechanic,0.8984,0.8053,0.6859,0.8052,0.9856,31,68070.67,5.48,1,21676.99,0.0117,0.1408,0
msme_000157,pharmacy,0.9259,0.5628,0.7061,0.333,0.9672,22,100693.49,1.52,1,11978.65,0.1537,0.1339,0
msme_000158,restaurant,0.723,0.7308,0.3593,0.7101,0.9402,29,56977.1,2.58,0,24373.46,0.5494,0.0364,0
msme_000159,restaurant,0.7835,0.9322,0.6618,0.8803,0.9424,25,39514.13,0.27,1,14876.35,0.2426,0.3026,0
msme_000160,restaurant,0.8278,0.6202,0.3859,0.5194,0.9848,26,56194.68,0.4,0,44019.47,0.2063,0.1491,0
msme_000161,mechanic,0.7927,0.8648,0.5314,0.5981,0.9528,30,29277.09,21.55,0,11986.4,0.0865,0.5421,0
msme_000162,kirana,0.8476,0.6716,0.8092,0.8333,0.9934,42,24674.26,0.26,1,0.0,0.0568,0.3021,0
msme_000163,tailor,0.7513,0.8278,0.3981,0.5625,0.8555,39,82318.63,3.93,2,26710.91,0.1285,0.1472,0
msme_000164,kirana,0.6825,0.77,0.5785,0.8721,0.9423,31,31505.72,9.28,0,0.0,0.1459,0.4843,0
msme_000165,tailor,0.7579,0.6648,0.5676,0.5052,0.9294,30,1000.0,2.25,1,6102.99,0.0706,0.4849,0
msme_000166,salon,0.9149,0.6729,0.852,0.5786,0.9094,20,51427.95,6.18,0,24272.38,0.1194,0.2284,0
msme_000167,mechanic,0.7697,0.7348,0.7659,0.7729,0.997,26,72537.41,4.95,2,7370.09,0.1532,0.7027,0
msme_000168,restaurant,0.7312,0.8705,0.499,0.7231,0.7865,29,39069.81,0.85,2,0.0,0.3271,0.4844,0
msme_000169,salon,0.6586,0.7723,0.5308,0.7899,0.9594,26,47433.28,0.28,1,35431.53,0.2364,0.3601,0
msme_000170,kirana,0.664,0.6188,0.7684,0.7225,0.9991,21,53739.95,9.64,1,21467.41,0.2145,0.403,0
msme_000171,pharmacy,0.8615,0.54,0.8086,0.5386,0.9126,30,6130.28,2.92,0,58267.61,0.2084,0.5051,0
msme_000172,kirana,0.8066,0.8069,0.3594,0.54,0.7525,21,29952.27,0.25,0,0.0,0.1009,0.2721,1
msme_000173,tailor,0.851,0.3767,0.6667,0.5352,0.902,34,66059.31,2.61,1,13567.28,0.1968,0.4887,0
msme_000174,mechanic,0.6707,0.4927,0.6138,0.7158,0.8431,27,38331.03,1.45,0,0.0,0.1702,0.5486,0
msme_000175,pharmacy,0.9334,0.8413,0.3677,0.5028,0.9852,35,18430.76,5.65,2,1746.55,0.3037,0.0682,0
msme_000176,pharmacy,0.3789,0.6663,0.6119,0.5759,0.9226,31,33582.77,16.29,2,16095.36,0.1337,0.4049,0
msme_000177,kirana,0.7629,0.9182,0.4937,0.7157,0.7902,32,69270.06,2.81,0,15057.66,0.1869,0.5492,0
msme_000178,restaurant,0.8033,0.8541,0.5783,0.7371,0.9634,27,70106.41,0.27,0,18327.64,0.3255,0.3155,0
msme_000179,salon,0.8928,0.737,0.453,0.7713,0.9351,40,77302.57,1.61,2,0.0,0.237,0.4609,0
msme_000180,mechanic,0.9021,0.6291,0.7712,0.769,0.908,28,40094.74,11.33,1,8432.0,0.0548,0.3411,0
msme_000181,tailor,0.9046,0.597,0.4614,0.6465,0.9919,29,49085.25,1.91,2,29894.75,0.1985,0.4475,0
msme_000182,kirana,0.6003,0.529,0.6108,0.6718,0.9219,25,75540.57,0.31,1,43719.08,0.1281,0.1071,0
msme_000183,kirana,0.8805,0.621,0.5719,0.8382,0.9544,24,40419.63,0.41,0,28126.06,0.1402,0.2243,0
msme_000184,tailor,0.8061,0.9144,0.4636,0.7212,0.9835,30,31514.64,3.75,2,23148.73,0.1482,0.3404,0
msme_000185,restaurant,0.8055,0.7699,0.4154,0.6564,0.8652,32,55610.43,0.68,0,27526.87,0.2988,0.0612,0
msme_000186,salon,0.8765,0.6018,0.6762,0.8422,0.9437,42,49186.24,3.09,1,45738.61,0.1094,0.3939,0
msme_000187,pharmacy,0.6662,0.622,0.6989,0.9322,0.9345,32,45597.19,9.82,1,21244.81,0.2771,0.1886,0
msme_000188,restaurant,0.6875,0.8452,0.5342,0.5706,0.9862,42,38331.35,0.73,1,11537.06,0.0516,0.6256,0
msme_000189,tailor,0.7898,0.7896,0.5887,0.9242,0.8364,33,52175.41,1.67,0,4457.85,0.256,0.3599,0
msme_000190,tailor,0.565,0.831,0.627,0.8033,0.9948,23,85300.67,1.16,1,21731.64,0.1935,0.2982,0
msme_000191,kirana,0.7685,0.6939,0.681,0.7398,0.9649,30,40234.09,1.08,0,22751.7,0.082,0.0255,0
msme_000192,mechanic,0.9533,0.8864,0.7933,0.6432,0.5659,42,54212.84,10.41,1,37657.77,0.2015,0.0191,0
msme_000193,pharmacy,0.9308,0.5466,0.2289,0.5433,0.8891,26,22420.39,0.34,2,32308.3,0.0796,0.4621,0
msme_000194,restaurant,0.903,0.7118,0.776,0.5589,0.9543,24,80700.76,0.12,1,8752.28,0.1083,0.1963,0
msme_000195,mechanic,0.8654,0.6576,0.2636,0.5252,0.8308,32,11992.83,8.52,0,20563.13,0.1893,0.5108,0
msme_000196,restaurant,0.7939,0.6639,0.561,0.6163,0.9447,27,23437.31,13.33,2,23805.6,0.125,0.1459,0
msme_000197,kirana,0.4307,0.7639,0.6775,0.6552,0.9833,19,67576.63,6.09,2,12084.72,0.5126,0.4934,0
msme_000198,tailor,0.849,0.6438,0.3532,0.785,0.8196,30,60873.53,6.45,1,14090.2,0.402,0.1763,0
msme_000199,pharmacy,0.5383,0.6635,0.7241,0.4903,0.9454,32,46640.47,20.55,1,36072.74,0.048,0.2662,0
msme_000200,tailor,0.8647,0.5376,0.706,0.7146,0.9698,32,40921.71,7.34,2,32816.03,0.4565,0.2127,0
msme_000201,restaurant,0.8593,0.8258,0.8295,0.8836,0.9941,31,83416.43,3.85,1,547.49,0.1018,0.272,0
msme_000202,mechanic,0.9041,0.6922,0.6086,0.8334,0.9848,34,26152.77,5.83,0,26798.82,0.0536,0.4854,0
msme_000203,kirana,0.7309,0.6766,0.395,0.7138,0.9935,31,46351.56,1.24,1,8404.55,0.1172,0.25,0
msme_000204,mechanic,0.9607,0.9071,0.7279,0.7518,0.8861,25,46074.38,4.65,1,1847.59,0.1497,0.4789,0
msme_000205,salon,0.7572,0.7089,0.6303,0.4289,0.749,38,15736.02,3.92,1,14008.02,0.1071,0.06,0
msme_000206,salon,0.9376,0.7487,0.484,0.7975,0.567,23,45399.19,10.63,1,0.0,0.3696,0.6539,0
msme_000207,kirana,0.8931,0.7897,0.5854,0.3815,0.9585,23,56667.49,6.53,1,10994.21,0.1113,0.4055,0
msme_000208,mechanic,0.8091,0.81,0.5526,0.7036,0.7974,35,62638.95,5.32,0,26543.54,0.1291,0.3889,0
msme_000209,mechanic,0.7478,0.3779,0.5966,0.5106,0.8861,30,36776.33,8.08,1,37939.65,0.0936,0.3247,0
msme_000210,salon,0.7166,0.7969,0.6138,0.7556,0.9519,31,49666.68,2.03,1,14859.4,0.044,0.1473,0
msme_000211,restaurant,0.9844,0.7174,0.4594,0.7693,0.7852,28,14039.72,8.08,1,45523.49,0.3196,0.4531,0
msme_000212,pharmacy,0.7662,0.5439,0.567,0.7607,0.9501,26,74151.02,2.34,1,40359.87,0.2528,0.4445,0
msme_000213,salon,0.721,0.8455,0.8791,0.764,0.9665,32,63195.98,1.35,1,13404.5,0.2539,0.4445,0
msme_000214,salon,0.9158,0.8208,0.6356,0.8564,0.9978,31,121528.41,1.88,0,24474.07,0.2277,0.1696,0
msme_000215,kirana,0.9243,0.8264,0.7108,0.8341,0.9484,31,26958.67,7.99,2,969.62,0.3069,0.4891,0
msme_000216,kirana,0.9345,0.4763,0.6644,0.7543,0.9509,33,64431.21,9.21,2,10086.58,0.2033,0.2256,0
msme_000217,salon,0.3159,0.3571,0.6153,0.5336,0.8053,29,53039.48,4.83,1,17100.44,0.6853,0.2055,0
msme_000218,restaurant,0.7479,0.6361,0.8098,0.8068,0.9841,25,89854.45,2.96,2,21553.07,0.2246,0.0287,0
msme_000219,tailor,0.4245,0.7316,0.4944,0.6528,0.935,29,49957.15,0.1,0,0.0,0.2772,0.1453,0
msme_000220,kirana,0.916,0.7463,0.6063,0.7273,0.8992,26,25542.3,0.99,2,46977.2,0.2304,0.0974,0
msme_000221,mechanic,0.5066,0.837,0.9364,0.7774,0.9037,34,67566.5,0.48,1,27152.2,0.1016,0.2541,0
msme_000222,restaurant,0.9673,0.5885,0.5625,0.6309,0.7992,40,45917.3,2.76,0,37787.44,0.5775,0.269,0
msme_000223,restaurant,0.8604,0.697,0.5134,0.4006,0.6789,21,10987.55,2.67,1,22209.47,0.123,0.3251,0
msme_000224,salon,0.8779,0.9138,0.4939,0.6846,0.9702,29,58652.93,3.6,2,27380.21,0.2935,0.0266,0
msme_000225,pharmacy,0.931,0.673,0.6494,0.7931,0.9033,33,39470.03,0.18,1,28063.78,0.1631,0.6148,0
msme_000226,restaurant,0.874,0.7514,0.5751,0.8178,0.8608,31,36157.28,8.32,1,9188.99,0.0481,0.4168,0
msme_000227,tailor,0.9398,0.6997,0.834,0.8533,0.8915,34,31128.35,0.35,2,7612.51,0.4041,0.7073,0
msme_000228,restaurant,0.6955,0.7669,0.5923,0.7784,0.9124,32,34168.18,3.63,1,18548.6,0.2625,0.167,0
msme_000229,restaurant,0.7996,0.6869,0.6458,0.7703,0.9862,37,31902.3,5.38,1,46263.89,0.1421,0.3626,0
msme_000230,tailor,0.9556,0.7325,0.4442,0.8159,0.9481,32,5145.2,4.3,0,36247.18,0.1122,0.1063,0
msme_000231,mechanic,0.6015,0.8513,0.6797,0.6634,0.8789,30,70660.08,1.21,0,48680.08,0.3007,0.3822,0
msme_000232,kirana,0.8347,0.8331,0.5019,0.5691,0.9911,26,49872.33,0.1,0,25981.46,0.4379,0.3986,0
msme_000233,tailor,0.7609,0.7325,0.5246,0.7933,0.8019,24,50815.97,4.5,0,0.0,0.0891,0.5309,0
msme_000234,salon,0.7561,0.6428,0.8351,0.9312,0.8538,32,53574.77,2.99,0,0.0,0.3683,0.1555,0
msme_000235,mechanic,0.8246,0.8794,0.5338,0.7725,0.9103,26,33702.79,0.9,1,46540.06,0.311,0.2187,0
msme_000236,pharmacy,0.8427,0.6909,0.8234,0.6812,0.88,29,26281.28,0.57,2,13463.15,0.1042,0.0495,0
msme_000237,salon,0.8838,0.8041,0.4803,0.9128,0.9826,38,64740.98,2.31,3,0.0,0.1669,0.1001,0
msme_000238,restaurant,0.455,0.4955,0.8904,0.596,0.7122,30,65916.75,3.09,0,56396.96,0.1215,0.3665,0
msme_000239,kirana,0.7993,0.9056,0.7773,0.9047,0.8503,28,9405.79,3.93,1,0.0,0.2496,0.2315,0
msme_000240,restaurant,0.7498,0.6569,0.7216,0.7287,0.9408,22,50375.69,6.05,2,30787.53,0.2596,0.1039,0
msme_000241,mechanic,0.653,0.7662,0.4957,0.8623,0.8911,30,47935.19,6.63,0,31549.53,0.4305,0.3221,0
msme_000242,tailor,0.6794,0.7741,0.3974,0.6302,0.9962,26,85909.2,0.79,0,23358.9,0.0162,0.1801,0
msme_000243,tailor,0.8134,0.6414,0.7237,0.4751,0.8468,41,49085.5,9.37,2,0.0,0.3585,0.2533,0
msme_000244,tailor,0.7464,0.7106,0.2716,0.5561,0.9056,28,69105.33,5.01,1,49722.86,0.1136,0.3004,0
msme_000245,tailor,0.872,0.6881,0.49,0.7149,0.7333,31,70405.55,2.63,1,4121.48,0.0196,0.1993,0
msme_000246,salon,0.9309,0.7435,0.3594,0.8329,0.8877,34,14428.08,3.15,0,0.0,0.2056,0.2218,0
msme_000247,kirana,0.8408,0.7299,0.3821,0.7457,0.9559,30,20475.69,2.98,1,2724.78,0.2377,0.2457,0
msme_000248,restaurant,0.8836,0.6044,0.632,0.6022,0.8316,32,12199.84,1.03,0,20337.69,0.0224,0.2042,0
msme_000249,restaurant,0.8807,0.9228,0.5869,0.7855,0.9676,27,43816.49,13.99,1,34663.18,0.1246,0.1309,0
msme_000250,pharmacy,0.8986,0.7224,0.4998,0.6106,0.9916,30,79595.48,0.38,2,24632.79,0.4663,0.1384,0
msme_000251,tailor,0.8713,0.7733,0.4917,0.5372,0.8785,27,33803.85,2.54,0,10836.98,0.1738,0.3005,0
msme_000252,kirana,0.7152,0.8151,0.7945,0.636,0.9848,33,48899.86,0.11,1,14892.32,0.1108,0.1782,0
msme_000253,kirana,0.8376,0.6498,0.5303,0.5066,0.9569,24,65092.6,0.36,1,21616.22,0.1309,0.0211,0
msme_000254,tailor,0.9015,0.8206,0.7708,0.5654,0.9088,27,37899.57,1.04,1,18365.07,0.0579,0.1548,0
msme_000255,restaurant,0.9207,0.7065,0.4667,0.7026,0.7293,33,75356.37,1.83,0,29777.97,0.1333,0.1229,0
msme_000256,kirana,0.8435,0.8806,0.7357,0.8367,0.8035,41,83104.63,7.31,0,20164.0,0.0468,0.0494,0
msme_000257,kirana,0.8679,0.8326,0.5191,0.8449,0.9338,32,107940.92,5.67,0,42017.76,0.1131,0.2261,0
msme_000258,pharmacy,0.8476,0.5955,0.284,0.9228,0.9364,40,16487.78,12.08,0,15202.61,0.3389,0.141,0
msme_000259,salon,0.6394,0.7761,0.6002,0.645,0.8649,36,57096.11,0.12,1,32285.82,0.1595,0.1743,0
msme_000260,pharmacy,0.8245,0.4733,0.7951,0.6397,0.9988,33,29712.96,1.57,1,2257.77,0.425,0.29,0
msme_000261,restaurant,0.6369,0.9221,0.5023,0.6238,0.9077,27,61881.47,10.22,1,16886.23,0.2514,0.3942,0
msme_000262,pharmacy,0.7424,0.5918,0.5364,0.7928,0.9879,26,57518.73,5.58,0,31513.85,0.1737,0.573,0
msme_000263,salon,0.8582,0.5014,0.6989,0.6122,0.868,25,28658.06,5.3,2,27635.43,0.3442,0.2742,0
msme_000264,tailor,0.8663,0.5445,0.7398,0.7517,0.9558,33,58023.25,1.51,1,12157.21,0.1063,0.5135,0
msme_000265,pharmacy,0.724,0.6157,0.6941,0.8139,0.995,29,91102.42,7.57,2,0.0,0.3072,0.0985,0
msme_000266,tailor,0.6828,0.7889,0.863,0.8494,0.9323,29,22418.73,2.36,1,16964.92,0.1714,0.4006,0
msme_000267,mechanic,0.8992,0.5483,0.5111,0.6112,0.9601,31,79110.29,16.77,0,33885.15,0.2033,0.2389,0
msme_000268,salon,0.6736,0.5016,0.4084,0.8053,0.92,41,71152.96,4.43,2,37302.54,0.3262,0.4258,0
msme_000269,tailor,0.4422,0.9062,0.4574,0.619,0.8341,37,71975.35,11.93,0,5802.64,0.1246,0.1727,0
msme_000270,kirana,0.6778,0.7593,0.7053,0.799,0.7877,23,12002.68,0.77,2,31861.39,0.0845,0.2215,0
msme_000271,tailor,0.9344,0.5449,0.776,0.7883,0.9232,35,65101.29,11.2,0,13849.56,0.1438,0.5711,0
msme_000272,mechanic,0.8829,0.9084,0.5911,0.6388,0.953,27,16683.04,0.55,1,23436.42,0.1182,0.6522,0
msme_000273,kirana,0.6623,0.5938,0.6279,0.7994,0.6738,39,22595.01,2.24,2,0.0,0.196,0.0712,0
msme_000274,tailor,0.841,0.6553,0.7576,0.4447,0.9523,30,34229.48,1.6,0,0.0,0.2595,0.4855,0
msme_000275,tailor,0.8834,0.8544,0.5219,0.9039,0.9497,30,86210.29,7.29,2,30270.79,0.1074,0.7195,0
msme_000276,kirana,0.7568,0.7185,0.6266,0.7937,0.9234,31,80362.7,1.94,0,21110.06,0.1603,0.4103,0
msme_000277,mechanic,0.8625,0.5432,0.5287,0.5472,0.95,30,38414.56,1.72,3,4022.66,0.1331,0.4644,0
msme_000278,pharmacy,0.8529,0.5173,0.674,0.5904,0.9411,29,1000.0,10.69,1,32255.55,0.0819,0.2519,0
msme_000279,pharmacy,0.8034,0.9053,0.6353,0.7494,0.8768,28,19280.6,20.1,0,16861.03,0.3064,0.3968,0
msme_000280,salon,0.9438,0.6585,0.4822,0.6758,0.9768,24,32941.36,7.51,0,0.0,0.3858,0.1352,0
msme_000281,kirana,0.7982,0.6665,0.4813,0.528,0.9287,25,69479.69,1.13,3,29890.11,0.1231,0.0836,0
msme_000282,salon,0.7838,0.7065,0.7455,0.832,0.8785,33,67748.32,11.02,1,16452.4,0.0046,0.536,0
msme_000283,kirana,0.9603,0.5215,0.6364,0.6933,0.9304,28,33319.87,4.07,1,33391.77,0.1634,0.3725,0
msme_000284,mechanic,0.5644,0.4626,0.8206,0.4589,0.8414,28,39806.82,1.87,1,15331.69,0.1869,0.1427,0
msme_000285,pharmacy,0.8137,0.5285,0.8146,0.6468,0.9754,35,51229.95,5.42,0,17105.69,0.1122,0.1237,0
msme_000286,restaurant,0.6683,0.5654,0.7131,0.7409,0.8206,34,70963.72,4.21,2,0.0,0.0733,0.3927,0
msme_000287,salon,0.8547,0.866,0.5136,0.7214,0.7704,33,55043.47,11.87,1,2882.51,0.1314,0.317,0
msme_000288,pharmacy,0.6531,0.5991,0.6738,0.5436,0.9195,41,74045.16,0.47,2,32314.73,0.3631,0.1773,0
msme_000289,pharmacy,0.478,0.8324,0.7055,0.7297,0.864,36,1000.0,22.7,0,25012.36,0.2695,0.2263,0
msme_000290,pharmacy,0.7442,0.6688,0.7665,0.7987,0.8931,26,66396.7,0.89,0,47845.91,0.1789,0.1051,0
msme_000291,restaurant,0.502,0.7582,0.3784,0.4949,0.8202,31,13327.35,18.86,1,27268.87,0.1649,0.0701,0
msme_000292,restaurant,0.8544,0.8205,0.877,0.7093,0.8476,26,41798.37,5.51,1,17742.98,0.1162,0.2585,0
msme_000293,pharmacy,0.9233,0.7611,0.7085,0.7388,0.8802,31,58468.95,0.13,1,18074.03,0.1184,0.5668,0
msme_000294,salon,0.8386,0.7575,0.4153,0.8946,0.9959,23,2816.58,1.2,1,4934.93,0.1703,0.1169,0
msme_000295,pharmacy,0.6901,0.6538,0.7949,0.5771,0.9493,24,43653.52,10.26,0,15904.68,0.1192,0.0576,0
msme_000296,restaurant,0.9297,0.7701,0.6408,0.8243,0.9633,34,21937.89,3.28,0,34590.66,0.1653,0.4038,0
msme_000297,restaurant,0.573,0.7967,0.4145,0.6647,0.7581,28,28192.5,3.78,1,20709.48,0.3241,0.3732,0
msme_000298,pharmacy,0.6456,0.7882,0.7796,0.6975,0.6493,22,51728.75,1.83,2,23179.37,0.1105,0.2306,0
msme_000299,mechanic,0.8985,0.6486,0.3298,0.9,0.6198,26,55832.55,3.96,0,41819.08,0.0981,0.4296,0
msme_000300,tailor,0.6047,0.8862,0.6838,0.7598,0.786,31,76554.19,11.84,1,15147.28,0.2453,0.1166,0
msme_000301,mechanic,0.7634,0.6303,0.6602,0.6463,0.9197,22,39274.07,0.46,0,0.0,0.1089,0.3547,0
msme_000302,pharmacy,0.7725,0.6818,0.6983,0.6937,0.8548,42,21219.33,2.37,1,32099.65,0.1617,0.4594,0
msme_000303,pharmacy,0.8499,0.7552,0.4666,0.6323,0.9441,28,37556.41,4.34,0,36691.59,0.2346,0.1596,0
msme_000304,kirana,0.7994,0.819,0.6426,0.7003,0.9588,42,51722.65,1.99,1,18010.94,0.3326,0.4352,0
msme_000305,restaurant,0.761,0.7328,0.6682,0.649,0.9786,37,71062.22,4.24,1,29166.06,0.0913,0.5154,0
msme_000306,mechanic,0.5301,0.8361,0.7408,0.8436,0.9497,26,52309.48,5.03,0,15761.25,0.1279,0.0971,0
msme_000307,kirana,0.5561,0.5159,0.3751,0.7431,0.9283,22,37855.24,3.62,1,10498.35,0.0703,0.5123,0
msme_000308,restaurant,0.8645,0.8242,0.4936,0.7367,0.8819,31,41703.38,3.8,0,29905.15,0.2664,0.4301,0
msme_000309,kirana,0.4845,0.7012,0.5942,0.4678,0.8987,27,31920.79,0.34,2,25499.09,0.2499,0.2335,0
msme_000310,tailor,0.8948,0.8073,0.4481,0.665,0.9841,27,27316.84,3.98,2,21616.4,0.1316,0.4533,0
msme_000311,salon,0.7514,0.7505,0.7586,0.7504,0.9997,30,85854.43,1.61,0,0.0,0.1097,0.1594,0
msme_000312,tailor,0.8526,0.7475,0.8004,0.8673,0.9339,27,79927.36,3.93,2,8729.17,0.1451,0.4648,0
msme_000313,kirana,0.897,0.7729,0.5869,0.6449,0.7859,29,84132.15,18.91,1,0.0,0.0828,0.3866,0
msme_000314,tailor,0.8775,0.6181,0.6945,0.7005,0.8547,34,11858.44,19.42,1,11045.42,0.1968,0.2615,0
msme_000315,mechanic,0.9012,0.4879,0.5464,0.8982,0.9916,37,32304.22,16.2,1,52345.24,0.1582,0.0481,0
msme_000316,tailor,0.9025,0.5443,0.6762,0.8827,0.5393,33,52577.95,3.32,0,13228.32,0.2699,0.3308,0
msme_000317,restaurant,0.4932,0.6455,0.5087,0.8475,0.9721,32,72296.94,23.9,2,50066.35,0.1982,0.1383,0
msme_000318,tailor,0.8056,0.6601,0.4751,0.7823,0.842,35,60506.71,1.89,1,39574.44,0.4041,0.2126,0
msme_000319,kirana,0.5791,0.7213,0.5006,0.7058,0.9687,38,49248.97,4.57,0,28442.6,0.1141,0.0603,0
msme_000320,mechanic,0.6258,0.8807,0.6175,0.6334,0.7418,24,46963.15,0.56,0,25285.28,0.362,0.1931,0
msme_000321,pharmacy,0.7516,0.8677,0.8687,0.6148,0.9308,28,13976.93,9.19,0,0.0,0.0556,0.233,0
msme_000322,restaurant,0.792,0.8402,0.808,0.7062,0.8691,30,19771.3,1.57,1,32340.24,0.1477,0.4575,0
msme_000323,salon,0.8279,0.9271,0.765,0.5674,0.9993,33,57379.88,0.1,1,25923.22,0.1584,0.1823,0
msme_000324,restaurant,0.6398,0.8507,0.3571,0.6956,0.8489,25,62603.81,0.33,0,28875.77,0.3127,0.1693,0
msme_000325,restaurant,0.8586,0.5691,0.6115,0.5522,0.9935,36,44285.87,4.48,0,19319.87,0.1469,0.1745,0
msme_000326,restaurant,0.6351,0.7711,0.7322,0.5677,0.9147,32,89496.67,4.41,1,29815.82,0.1736,0.4071,0
msme_000327,kirana,0.8528,0.6863,0.7338,0.5697,0.9462,20,35813.82,4.02,1,47022.93,0.0231,0.6984,0
msme_000328,salon,0.7343,0.778,0.6434,0.7924,0.9311,13,70344.65,3.86,1,32679.1,0.2943,0.6328,0
msme_000329,mechanic,0.8267,0.9288,0.5644,0.4902,0.9657,36,33037.63,0.37,0,15417.51,0.1122,0.5114,0
msme_000330,restaurant,0.7765,0.7674,0.3326,0.7962,0.9846,30,43620.32,7.02,1,17851.32,0.3584,0.1527,0
msme_000331,salon,0.8884,0.8001,0.5643,0.9124,0.9152,24,10894.88,4.44,3,17192.77,0.0568,0.332,0
msme_000332,kirana,0.8216,0.8016,0.87,0.7377,0.9594,29,87653.68,0.98,2,30097.01,0.1982,0.0661,0
msme_000333,pharmacy,0.7837,0.4143,0.5657,0.7557,0.9221,26,43009.68,0.1,0,18092.01,0.5027,0.434,0
msme_000334,mechanic,0.8053,0.8606,0.4975,0.5953,0.6763,21,40169.97,1.27,1,0.0,0.1902,0.4156,0
msme_000335,pharmacy,0.6215,0.509,0.7617,0.508,0.898,35,24605.84,0.44,0,19548.55,0.2128,0.0948,0
msme_000336,pharmacy,0.9165,0.6125,0.5055,0.4457,0.9568,41,50475.85,2.22,1,37811.41,0.2318,0.4137,0
msme_000337,salon,0.952,0.7418,0.649,0.6482,0.9082,36,90546.84,4.9,0,12202.49,0.2758,0.4335,0
msme_000338,mechanic,0.8781,0.682,0.6806,0.695,0.8758,24,62631.53,4.17,2,21775.25,0.1669,0.1943,0
msme_000339,salon,0.8526,0.8702,0.4299,0.5338,0.976,30,79457.54,2.62,2,0.0,0.2945,0.2733,0
msme_000340,pharmacy,0.6602,0.737,0.3934,0.8605,0.9654,28,23747.41,0.56,2,13134.22,0.1827,0.1718,0
msme_000341,restaurant,0.4976,0.7511,0.8915,0.7497,0.9704,31,53098.95,1.13,1,0.0,0.4757,0.0755,0
msme_000342,mechanic,0.9026,0.8924,0.514,0.6521,0.9705,31,1000.0,2.45,1,38250.85,0.2343,0.1427,0
msme_000343,kirana,0.9449,0.6873,0.3307,0.8314,0.9831,37,67728.43,0.93,0,0.0,0.1564,0.3923,0
msme_000344,pharmacy,0.6327,0.6689,0.484,0.7699,0.8611,33,57377.82,3.31,1,1899.75,0.0884,0.2896,0
msme_000345,pharmacy,0.6057,0.742,0.682,0.4676,0.9946,32,43853.79,4.08,2,5214.0,0.0962,0.1835,0
msme_000346,restaurant,0.8607,0.4763,0.9215,0.7239,0.9635,38,21791.46,4.24,1,39087.25,0.2162,0.534,0
msme_000347,kirana,0.8067,0.8297,0.4676,0.853,0.9981,34,40146.89,29.73,1,9660.06,0.0913,0.1069,0
msme_000348,mechanic,0.9122,0.8347,0.5755,0.5302,0.9617,19,59716.18,0.28,0,15970.68,0.0327,0.456,0
msme_000349,tailor,0.8279,0.7393,0.4984,0.6796,0.8651,27,72111.06,1.52,0,22743.72,0.031,0.5735,0
msme_000350,mechanic,0.8582,0.6288,0.5292,0.788,0.8694,30,41705.53,0.84,1,0.0,0.2764,0.0874,0
msme_000351,salon,0.8475,0.506,0.6507,0.782,0.9715,18,68498.02,13.3,2,17882.14,0.2239,0.389,0
msme_000352,mechanic,0.7962,0.7701,0.5035,0.6911,0.9723,29,37363.82,0.27,1,32160.9,0.357,0.0413,0
msme_000353,salon,0.8731,0.4759,0.7933,0.5581,0.967,33,42348.86,7.28,0,14306.6,0.1301,0.1728,0
msme_000354,kirana,0.9447,0.8146,0.9131,0.8426,0.922,27,48800.5,4.61,1,11288.88,0.1245,0.2588,0
msme_000355,pharmacy,0.4542,0.493,0.7373,0.6982,0.7856,26,38685.5,5.82,2,28497.54,0.1572,0.1403,0
msme_000356,tailor,0.8006,0.7656,0.6836,0.7996,0.9733,34,1000.0,0.58,1,18779.21,0.08,0.231,0
msme_000357,restaurant,0.8201,0.7481,0.6279,0.5584,0.8774,21,44820.96,24.68,2,16929.39,0.1706,0.212,0
msme_000358,pharmacy,0.9066,0.8165,0.5691,0.5488,0.9172,35,16531.91,1.52,0,6714.98,0.1181,0.2072,0
msme_000359,kirana,0.7703,0.6456,0.5262,0.7068,0.9849,24,7369.81,18.2,1,19101.51,0.0414,0.1053,0
msme_000360,pharmacy,0.4754,0.7905,0.6075,0.8039,0.9459,37,51715.7,2.62,0,35932.87,0.114,0.3616,0
msme_000361,mechanic,0.899,0.5728,0.8354,0.8732,0.9762,33,64698.21,9.16,0,21373.18,0.3484,0.2364,0
msme_000362,mechanic,0.7469,0.6089,0.6699,0.6666,0.9717,16,39435.79,8.91,1,20762.58,0.1488,0.4327,0
msme_000363,salon,0.7486,0.6941,0.6855,0.9115,0.8063,34,73062.03,1.14,3,26217.54,0.0847,0.1208,0
msme_000364,restaurant,0.806,0.6285,0.5687,0.7073,0.7219,39,31271.18,1.17,1,33058.03,0.0923,0.0348,0
msme_000365,mechanic,0.9018,0.7683,0.472,0.6304,0.864,25,89058.86,3.39,1,20244.03,0.2118,0.3789,0
msme_000366,mechanic,0.7916,0.8171,0.5676,0.6939,0.9962,28,62188.05,18.37,3,45561.66,0.117,0.0587,0
msme_000367,tailor,0.7041,0.7938,0.3137,0.6981,0.9101,29,72772.68,6.1,0,13957.5,0.2948,0.2867,0
msme_000368,tailor,0.681,0.7102,0.5834,0.705,0.9188,27,38344.32,7.44,0,4378.21,0.2637,0.6176,0
msme_000369,restaurant,0.8746,0.2967,0.8413,0.8072,0.9236,29,35260.53,7.28,3,15722.17,0.3025,0.7761,0
msme_000370,restaurant,0.8058,0.8047,0.575,0.7112,0.8457,30,55683.15,8.49,1,18027.62,0.0657,0.2756,0
msme_000371,tailor,0.8929,0.6231,0.4145,0.5608,0.8287,26,67808.38,0.1,1,28717.18,0.3024,0.6101,0
msme_000372,mechanic,0.871,0.3991,0.5154,0.732,0.7056,28,38825.56,1.96,0,16293.81,0.0987,0.2793,0
msme_000373,salon,0.7049,0.6026,0.6758,0.6603,0.9284,36,53339.14,1.77,0,30134.97,0.1997,0.1282,0
msme_000374,kirana,0.9028,0.7719,0.5525,0.5203,0.8423,34,63462.58,17.41,0,20800.76,0.2716,0.1467,0
msme_000375,mechanic,0.6063,0.8113,0.5408,0.8081,0.9473,28,18064.55,0.61,4,768.29,0.1224,0.2769,0
msme_000376,tailor,0.8579,0.7375,0.6855,0.4479,0.7482,18,1000.0,0.17,2,22763.26,0.2809,0.3043,0
msme_000377,restaurant,0.5203,0.6895,0.3161,0.4773,0.9687,37,74027.34,1.01,0,0.0,0.0465,0.4541,0
msme_000378,mechanic,0.8038,0.8875,0.5666,0.6293,0.722,30,85597.47,2.09,0,20226.85,0.2243,0.0427,0
msme_000379,kirana,0.7529,0.7139,0.5977,0.6838,0.852,33,88440.02,10.82,0,39582.09,0.1324,0.263,0
msme_000380,restaurant,0.7204,0.668,0.588,0.3563,0.8565,27,78999.06,3.95,0,26202.22,0.0142,0.2549,0
msme_000381,restaurant,0.632,0.5877,0.891,0.6044,0.9069,22,85678.76,0.92,0,36449.2,0.1119,0.4641,0
msme_000382,pharmacy,0.5716,0.2607,0.5597,0.5968,0.9861,28,23056.4,12.36,2,27163.83,0.0682,0.3135,0
msme_000383,kirana,0.9092,0.7084,0.4318,0.8068,0.9356,40,59179.99,1.11,0,19527.93,0.6872,0.4449,0
msme_000384,pharmacy,0.715,0.5335,0.4403,0.8022,0.8946,41,34288.93,0.37,1,27629.76,0.3058,0.1136,0
msme_000385,mechanic,0.8994,0.8231,0.2944,0.5822,0.6954,29,33307.88,2.07,0,28014.53,0.0795,0.116,0
msme_000386,kirana,0.8994,0.866,0.4949,0.5934,0.9854,29,43298.7,2.69,1,27939.5,0.3326,0.299,0
msme_000387,pharmacy,0.7543,0.7552,0.6497,0.7937,0.9722,29,57494.87,6.73,1,0.0,0.2346,0.5069,0
msme_000388,kirana,0.9446,0.372,0.67,0.8172,0.5555,18,4099.87,4.24,0,13382.35,0.0787,0.0395,0
msme_000389,kirana,0.9191,0.6472,0.7496,0.8235,0.793,29,67857.1,9.65,2,37182.0,0.4075,0.3159,0
msme_000390,restaurant,0.6537,0.7652,0.714,0.547,0.9557,32,55017.35,2.28,2,22871.84,0.3114,0.0267,0
msme_000391,tailor,0.7481,0.8224,0.1897,0.744,0.9807,25,24881.84,14.52,1,24938.75,0.139,0.2773,0
msme_000392,mechanic,0.532,0.7146,0.2924,0.6327,0.9974,29,4810.26,1.03,3,45976.38,0.029,0.333,0
msme_000393,tailor,0.7754,0.3675,0.6959,0.8698,0.9679,36,92478.64,37.61,3,9526.67,0.2437,0.5519,0
msme_000394,pharmacy,0.911,0.9731,0.6828,0.4961,0.9855,22,25249.66,7.45,1,8105.79,0.384,0.1243,0
msme_000395,salon,0.7434,0.7795,0.4988,0.757,0.9392,31,44363.92,2.61,4,14757.4,0.3444,0.3518,0
msme_000396,salon,0.7769,0.2625,0.7167,0.566,0.9024,36,36766.36,3.14,1,26469.26,0.1231,0.7898,0
msme_000397,pharmacy,0.5752,0.4114,0.6022,0.7521,0.9482,25,34899.25,4.63,2,23288.06,0.2415,0.2165,0
msme_000398,salon,0.9571,0.6579,0.6706,0.6506,0.931,25,63012.81,0.1,1,16936.39,0.2209,0.3023,0
msme_000399,mechanic,0.8269,0.5888,0.6325,0.7316,0.9418,38,36358.53,8.27,2,32784.35,0.1312,0.3155,0
msme_000400,kirana,0.9314,0.8666,0.8186,0.9468,0.6853,31,67044.58,0.36,1,23529.76,0.2094,0.5105,0
msme_000401,restaurant,0.8007,0.3691,0.4446,0.5683,0.8334,32,36571.01,9.05,0,28204.94,0.4211,0.4161,0
msme_000402,tailor,0.7523,0.606,0.795,0.8313,0.7233,33,54486.21,9.3,1,27251.66,0.058,0.2611,0
msme_000403,mechanic,0.8733,0.8224,0.5623,0.8097,0.9047,30,43344.68,2.69,0,32241.22,0.3283,0.4936,0
msme_000404,tailor,0.7831,0.8461,0.636,0.5431,0.915,29,66402.91,14.26,1,31538.23,0.08,0.153,0
msme_000405,salon,0.8121,0.7077,0.6939,0.5488,0.9375,34,79018.18,2.18,1,47399.71,0.054,0.1239,0
msme_000406,kirana,0.9086,0.4163,0.3971,0.7439,0.9964,25,62679.14,1.37,1,23117.8,0.2743,0.0782,0
msme_000407,restaurant,0.7499,0.8111,0.7317,0.6718,0.834,34,57370.77,0.98,1,17064.13,0.1759,0.2613,0
msme_000408,mechanic,0.9088,0.7757,0.5073,0.4835,0.945,25,33702.51,7.67,1,0.0,0.24,0.3978,0
msme_000409,mechanic,0.7621,0.8002,0.4549,0.768,0.9569,31,44013.62,5.0,1,15903.02,0.1695,0.34,0
msme_000410,restaurant,0.6245,0.6199,0.4707,0.8244,0.9111,29,23536.1,0.59,0,13725.21,0.0942,0.3474,0
msme_000411,kirana,0.7894,0.7496,0.525,0.755,0.8241,38,45190.27,2.28,0,27077.82,0.3285,0.1063,0
msme_000412,mechanic,0.7765,0.6835,0.5831,0.7665,0.9509,25,98676.12,3.49,0,28450.6,0.1508,0.4645,0
msme_000413,restaurant,0.872,0.7376,0.5706,0.7754,0.8094,22,11662.48,4.29,4,11096.14,0.1517,0.1503,0
msme_000414,tailor,0.8855,0.7478,0.4682,0.7621,0.7391,22,100573.55,1.92,0,28854.9,0.3185,0.4678,0
msme_000415,salon,0.9183,0.8673,0.5361,0.5948,0.9292,27,108466.27,2.5,3,30339.05,0.3445,0.1952,0
msme_000416,tailor,0.7842,0.7469,0.8002,0.8385,0.8645,26,84674.0,3.08,0,16461.93,0.5247,0.5059,0
msme_000417,tailor,0.8492,0.755,0.25,0.8254,0.9981,28,40834.15,0.27,1,10470.42,0.1772,0.2466,0
msme_000418,tailor,0.9006,0.5889,0.5824,0.8062,0.871,27,1000.0,8.01,0,15001.61,0.0774,0.2913,0
msme_000419,salon,0.7849,0.5936,0.7787,0.6155,0.837,28,48707.18,18.61,1,30486.21,0.0441,0.1112,0
msme_000420,salon,0.7393,0.4478,0.7194,0.9517,0.9527,39,70299.6,0.23,3,49871.19,0.1465,0.2999,0
msme_000421,pharmacy,0.7743,0.4097,0.7265,0.5598,0.8828,29,74383.39,3.48,1,22989.89,0.0322,0.1884,0
msme_000422,restaurant,0.756,0.558,0.5072,0.8106,0.8312,32,37879.0,3.8,0,11709.28,0.0396,0.0987,0
msme_000423,pharmacy,0.7864,0.8095,0.5833,0.3968,0.9734,23,14247.46,2.68,2,9095.92,0.0705,0.2046,0
msme_000424,salon,0.8,0.7021,0.7746,0.4722,0.9623,22,50484.18,20.38,0,28740.96,0.023,0.4105,0
msme_000425,pharmacy,0.957,0.7978,0.538,0.4465,0.9873,27,29198.24,4.8,0,3725.48,0.0825,0.4012,0
msme_000426,kirana,0.6274,0.4101,0.3651,0.868,0.922,26,11821.98,8.2,0,35413.29,0.0443,0.5205,0
msme_000427,restaurant,0.643,0.7935,0.7186,0.7437,0.9606,27,29292.44,8.45,0,0.0,0.1826,0.5162,0
msme_000428,mechanic,0.9603,0.6986,0.5646,0.8798,0.9408,25,17227.2,10.59,1,36257.31,0.1388,0.2167,0
msme_000429,tailor,0.5068,0.696,0.5394,0.4643,0.8756,31,56283.28,0.28,1,20127.82,0.1962,0.2079,0
msme_000430,salon,0.7128,0.5145,0.772,0.5735,0.8938,31,38663.43,9.44,0,37206.03,0.1003,0.6438,0
msme_000431,kirana,0.757,0.6531,0.9056,0.7275,0.9475,31,71802.25,3.3,1,17506.37,0.1514,0.0996,0
msme_000432,restaurant,0.8718,0.625,0.6291,0.691,0.9168,31,35008.76,10.16,1,26461.1,0.3033,0.3517,0
msme_000433,salon,0.892,0.7975,0.7273,0.3877,0.9777,35,44993.65,5.5,0,49833.27,0.2877,0.0876,0
msme_000434,tailor,0.8619,0.7451,0.7061,0.7039,0.9941,26,86517.01,9.8,2,22129.84,0.33,0.1866,0
msme_000435,restaurant,0.7686,0.4248,0.5713,0.6241,0.9705,34,82754.87,3.98,1,32968.77,0.1246,0.1636,0
msme_000436,mechanic,0.5063,0.6544,0.3524,0.6076,0.9433,42,55961.0,0.37,3,17081.23,0.1805,0.2891,0
msme_000437,salon,0.8106,0.3762,0.6569,0.791,0.824,36,85998.85,8.21,1,36134.4,0.298,0.2618,0
msme_000438,pharmacy,0.9595,0.6922,0.5938,0.574,0.8772,31,40892.0,2.79,2,28391.49,0.0407,0.5508,0
msme_000439,pharmacy,0.8597,0.6831,0.6437,0.7935,0.9481,40,45522.27,7.93,1,18568.88,0.2356,0.1894,0
msme_000440,mechanic,0.9822,0.7754,0.6203,0.7425,0.9251,36,63983.89,3.82,0,17259.22,0.3399,0.5689,0
msme_000441,kirana,0.7326,0.8083,0.6126,0.3853,0.9283,31,31335.92,8.38,2,26273.23,0.106,0.3702,0
msme_000442,mechanic,0.9103,0.7127,0.8307,0.6929,0.9853,31,12714.33,6.34,0,21819.38,0.269,0.42,0
msme_000443,pharmacy,0.8755,0.6887,0.6364,0.5942,0.8874,27,74251.69,1.35,0,40807.86,0.0556,0.1035,0
msme_000444,pharmacy,0.7759,0.8152,0.6447,0.7199,0.8604,36,23214.52,11.62,1,48758.16,0.1765,0.4706,0
msme_000445,salon,0.945,0.8337,0.3731,0.7701,0.9301,34,80247.35,2.32,0,0.0,0.1589,0.2146,0
msme_000446,kirana,0.738,0.8217,0.6751,0.6393,0.8905,29,32966.21,2.63,1,10114.1,0.1444,0.1152,0
msme_000447,mechanic,0.7529,0.4559,0.4677,0.6722,0.9851,37,37353.86,2.19,0,32058.94,0.1269,0.1769,0
msme_000448,pharmacy,0.8144,0.7846,0.2674,0.6802,0.8692,35,70471.6,2.46,1,31847.39,0.3837,0.4427,0
msme_000449,kirana,0.9413,0.7418,0.7667,0.5012,0.8606,31,44232.23,10.4,3,9382.16,0.1639,0.1018,0
msme_000450,salon,0.7114,0.7464,0.725,0.9023,0.8812,32,29637.44,0.1,3,10372.31,0.4916,0.1291,0
msme_000451,kirana,0.698,0.7374,0.3926,0.5149,0.945,45,35326.93,6.39,1,0.0,0.2065,0.5313,0
msme_000452,mechanic,0.8116,0.5813,0.603,0.7966,0.9716,25,51497.76,2.53,1,32408.37,0.1587,0.1953,0
msme_000453,pharmacy,0.9716,0.7978,0.6017,0.8768,0.8925,42,52347.66,0.34,1,28740.3,0.0286,0.2087,0
msme_000454,kirana,0.7898,0.5722,0.677,0.7548,0.8732,40,59434.11,0.4,2,16959.8,0.0755,0.1726,0
msme_000455,salon,0.8494,0.3418,0.7043,0.8311,0.9207,34,1000.0,3.41,2,16417.97,0.096,0.2914,0
msme_000456,mechanic,0.9082,0.6338,0.7472,0.7134,0.9862,34,70742.6,4.09,0,825.31,0.0438,0.3906,0
msme_000457,restaurant,0.6247,0.6809,0.3918,0.863,0.6583,22,2894.59,4.68,3,31624.04,0.4022,0.4254,0
msme_000458,kirana,0.9039,0.8885,0.7456,0.7593,0.7992,21,1000.0,18.12,2,12153.44,0.5189,0.152,0
msme_000459,salon,0.7541,0.8085,0.6373,0.7025,0.8964,23,68420.93,5.13,2,39725.72,0.0976,0.4898,0
msme_000460,restaurant,0.6103,0.6709,0.6561,0.7836,0.9454,33,18915.94,2.65,0,4197.96,0.2605,0.3034,0
msme_000461,salon,0.4338,0.5976,0.6503,0.7899,0.8788,26,40413.05,17.86,2,39407.27,0.1917,0.5956,0
msme_000462,pharmacy,0.7347,0.6296,0.818,0.9099,0.9629,37,47216.14,4.67,0,16847.67,0.5106,0.1429,0
msme_000463,kirana,0.8977,0.9093,0.6396,0.784,0.9666,29,55763.54,2.2,4,47286.16,0.1947,0.2401,0
msme_000464,kirana,0.777,0.385,0.5135,0.5532,0.9463,27,67342.45,2.19,3,30866.42,0.098,0.1911,0
msme_000465,tailor,0.8643,0.9434,0.6392,0.8268,0.9512,35,66889.05,0.25,1,21650.52,0.3347,0.4014,0
msme_000466,restaurant,0.9787,0.9385,0.8223,0.8119,0.7931,26,1122.85,3.87,2,6235.76,0.0774,0.2964,0
msme_000467,restaurant,0.7063,0.6232,0.3991,0.8073,0.8958,33,85824.71,5.19,1,29761.1,0.1913,0.1923,0
msme_000468,pharmacy,0.7488,0.9058,0.5046,0.6815,0.9029,26,48773.02,6.04,2,29537.31,0.1215,0.3527,0
msme_000469,tailor,0.7954,0.7315,0.5323,0.558,0.994,33,77104.03,3.15,3,0.0,0.1637,0.3502,0
msme_000470,tailor,0.9246,0.8305,0.631,0.8351,0.7859,35,22015.23,5.8,2,12902.25,0.1058,0.1432,0
msme_000471,salon,0.9066,0.8749,0.6577,0.8142,0.9194,35,70158.3,7.64,1,28989.08,0.168,0.3143,0
msme_000472,tailor,0.9321,0.7076,0.8378,0.6133,0.8788,17,98683.21,4.24,2,7274.5,0.0694,0.4823,0
msme_000473,mechanic,0.9016,0.6512,0.4996,0.8585,0.9699,31,74265.84,0.52,1,901.17,0.141,0.4713,0
msme_000474,pharmacy,0.9268,0.7038,0.5364,0.5642,0.9853,27,76216.02,6.36,1,19224.3,0.1124,0.5531,0
msme_000475,salon,0.8335,0.637,0.7439,0.8007,0.8842,29,28570.69,1.35,2,27377.22,0.1348,0.3859,0
msme_000476,kirana,0.8531,0.8303,0.6728,0.6479,0.9917,32,19458.26,0.69,0,20207.45,0.0335,0.191,0
msme_000477,mechanic,0.7134,0.7293,0.265,0.5777,0.9277,28,47249.16,0.1,3,37743.42,0.0463,0.273,0
msme_000478,salon,0.934,0.9016,0.3493,0.8697,0.9902,34,33796.69,1.07,1,0.0,0.3651,0.2343,0
msme_000479,pharmacy,0.7514,0.8086,0.6883,0.5459,0.9395,31,97746.87,23.39,2,0.0,0.1737,0.2848,0
msme_000480,pharmacy,0.9246,0.6758,0.6848,0.7042,0.9792,27,38285.51,15.56,0,0.0,0.1441,0.2101,0
msme_000481,mechanic,0.943,0.6092,0.5396,0.4357,0.9511,31,79601.54,13.62,2,5349.6,0.1103,0.4366,0
msme_000482,salon,0.6944,0.6972,0.6142,0.8359,0.9586,35,26848.69,3.96,0,1522.12,0.038,0.3806,0
msme_000483,mechanic,0.9164,0.6006,0.2835,0.6251,0.8802,34,55663.04,4.0,1,25613.25,0.2255,0.686,0
msme_000484,restaurant,0.9227,0.7261,0.6053,0.819,0.9316,29,50773.7,16.91,3,0.0,0.188,0.372,0
msme_000485,pharmacy,0.983,0.2308,0.5891,0.5569,0.5852,29,21323.25,6.01,2,24509.89,0.3855,0.2396,0
msme_000486,pharmacy,0.6092,0.9089,0.835,0.6532,0.9515,23,33049.0,1.61,2,9599.05,0.2226,0.2382,0
msme_000487,restaurant,0.7054,0.4356,0.5988,0.7144,0.9226,46,15245.44,4.35,4,15979.16,0.277,0.1541,0
msme_000488,pharmacy,0.911,0.7531,0.473,0.5946,0.824,31,52809.42,11.83,0,35448.1,0.2557,0.4573,0
msme_000489,restaurant,0.8228,0.6342,0.4829,0.8192,0.8631,39,48721.36,23.41,0,46262.62,0.0544,0.4255,0
msme_000490,restaurant,0.5091,0.6061,0.4993,0.7133,0.9441,32,1000.0,8.38,2,18047.22,0.2308,0.5568,0
msme_000491,pharmacy,0.4681,0.5283,0.8102,0.6218,0.7497,23,91018.81,5.88,0,17652.55,0.2201,0.3231,0
msme_000492,tailor,0.9568,0.772,0.5519,0.7546,0.8967,32,44672.74,0.51,1,3587.97,0.1418,0.2222,0
msme_000493,salon,0.8073,0.4897,0.5754,0.6543,0.9056,25,53364.58,0.69,0,21412.65,0.3733,0.0781,0
msme_000494,kirana,0.9219,0.7116,0.6799,0.6801,0.9935,32,46967.28,0.25,0,33921.08,0.0913,0.4462,0
msme_000495,pharmacy,0.883,0.6506,0.58,0.7464,0.9199,40,90399.54,4.54,0,0.0,0.141,0.7679,0
msme_000496,pharmacy,0.6993,0.4921,0.7471,0.8403,0.9956,33,44675.53,1.71,1,16154.67,0.1452,0.2134,0
msme_000497,tailor,0.9493,0.7655,0.5604,0.6534,0.8873,31,1000.0,1.59,5,28643.43,0.0801,0.2685,0
msme_000498,restaurant,0.5276,0.6875,0.5425,0.6621,0.5098,26,1000.0,0.96,1,51381.48,0.1694,0.8349,0
msme_000499,kirana,0.7766,0.7485,0.4914,0.8154,0.9421,25,80816.19,2.99,2,0.0,0.2979,0.0733,0
msme_000500,mechanic,0.7969,0.8654,0.5735,0.5435,0.9219,25,72020.17,2.4,1,19884.98,0.218,0.2494,0
msme_000501,restaurant,0.693,0.4635,0.5729,0.7243,0.837,21,79915.44,9.29,2,14327.09,0.1925,0.3443,0
msme_000502,kirana,0.8209,0.6671,0.339,0.7734,0.568,35,56035.0,4.71,3,1172.76,0.0214,0.3344,0
msme_000503,restaurant,0.686,0.4352,0.2826,0.7334,0.9094,28,34471.02,3.04,1,0.0,0.1364,0.2199,0
msme_000504,pharmacy,0.7117,0.3674,0.6025,0.777,0.8487,28,58252.7,2.6,0,752.76,0.0568,0.272,0
msme_000505,restaurant,0.9418,0.7881,0.4983,0.8167,0.8961,34,92633.23,5.73,1,32673.59,0.3521,0.0889,0
msme_000506,pharmacy,0.5859,0.5717,0.6904,0.733,0.7902,32,96191.5,10.59,2,13492.29,0.2892,0.1161,0
msme_000507,kirana,0.8131,0.5486,0.6091,0.4501,0.8644,31,33931.96,0.9,0,27058.57,0.2808,0.2997,0
msme_000508,tailor,0.8669,0.7774,0.787,0.7539,0.9855,26,79961.63,5.29,1,36816.15,0.1398,0.2385,0
msme_000509,mechanic,0.87,0.7211,0.4505,0.5048,0.951,48,46106.12,0.1,1,13778.76,0.4407,0.1585,0
msme_000510,restaurant,0.86,0.8672,0.6698,0.6867,0.9965,28,64257.06,5.81,0,2696.44,0.3154,0.2937,0
msme_000511,kirana,0.7815,0.8318,0.7992,0.6194,0.926,29,102509.89,3.46,1,7264.65,0.3129,0.3265,0
msme_000512,restaurant,0.8281,0.7301,0.7449,0.7937,0.8156,40,41104.53,22.33,2,0.0,0.1905,0.072,0
msme_000513,pharmacy,0.8608,0.8466,0.7042,0.4774,0.8859,30,59004.95,1.9,2,0.0,0.1192,0.3632,0
msme_000514,mechanic,0.7702,0.5351,0.306,0.8382,0.8642,26,55407.64,1.17,3,21748.48,0.3853,0.2914,0
msme_000515,kirana,0.8335,0.6683,0.6397,0.6764,0.7184,27,73041.91,0.56,0,0.0,0.0969,0.4325,0
msme_000516,kirana,0.9541,0.8197,0.433,0.5351,0.8018,26,37314.12,0.92,0,36798.0,0.2172,0.0476,0
msme_000517,mechanic,0.8644,0.5688,0.775,0.7749,0.8803,37,79500.48,10.15,0,15357.45,0.1611,0.3381,0
msme_000518,tailor,0.6056,0.7567,0.6901,0.5587,0.8703,25,21734.7,11.49,3,657.25,0.1001,0.0173,0
msme_000519,salon,0.8303,0.455,0.3815,0.8403,0.7156,31,34833.4,6.81,1,9550.85,0.3511,0.2876,0
msme_000520,tailor,0.883,0.6969,0.7703,0.7279,0.9672,20,96967.06,6.83,1,19940.36,0.1996,0.1769,0
msme_000521,kirana,0.507,0.8292,0.8222,0.7193,0.987,26,60284.01,1.86,0,12285.97,0.2986,0.1627,0
msme_000522,pharmacy,0.6387,0.8042,0.6228,0.901,0.7855,33,15490.25,3.03,2,7890.83,0.0931,0.1654,0
msme_000523,tailor,0.7114,0.79,0.7622,0.7783,0.8714,32,67208.68,1.25,0,9088.01,0.043,0.1457,0
msme_000524,salon,0.9636,0.5528,0.6931,0.5515,0.9803,35,40178.9,8.69,0,36609.09,0.5415,0.1333,0
msme_000525,pharmacy,0.854,0.3883,0.7495,0.5348,0.9736,25,45426.92,11.21,0,37855.42,0.144,0.4149,0
msme_000526,pharmacy,0.634,0.7186,0.7768,0.7943,0.8939,32,70603.81,1.4,0,16347.78,0.2507,0.5067,0
msme_000527,kirana,0.6346,0.7433,0.5434,0.672,0.8717,40,17085.76,3.08,1,3958.34,0.2598,0.327,0
msme_000528,pharmacy,0.8082,0.7917,0.4292,0.6944,0.9836,29,85156.5,2.15,2,30965.06,0.2858,0.1001,0
msme_000529,restaurant,0.9052,0.8602,0.6681,0.9324,0.9641,18,70818.72,1.56,0,3430.54,0.2087,0.1711,0
msme_000530,kirana,0.8585,0.765,0.5541,0.8028,0.9319,35,18275.17,2.11,1,26760.73,0.1238,0.5416,0
msme_000531,mechanic,0.8971,0.6943,0.9016,0.8687,0.8651,32,30513.59,1.87,3,12674.49,0.2331,0.2881,0
msme_000532,mechanic,0.9559,0.7109,0.6237,0.5573,0.8097,39,34743.78,4.13,1,19639.65,0.4695,0.4555,0
msme_000533,pharmacy,0.5578,0.573,0.5504,0.8267,0.7254,27,33032.4,9.84,1,19550.46,0.3317,0.1457,0
msme_000534,pharmacy,0.9409,0.6246,0.5409,0.3977,0.8106,41,71871.77,4.59,0,27031.63,0.2256,0.2845,0
msme_000535,tailor,0.8379,0.6111,0.7708,0.5619,0.5951,29,54966.09,2.36,0,43545.91,0.0418,0.3394,0
msme_000536,pharmacy,0.4725,0.8706,0.5682,0.8182,0.7782,32,26773.38,11.84,3,0.0,0.2881,0.7554,0
msme_000537,pharmacy,0.9043,0.5495,0.4265,0.6341,0.9963,26,1000.0,10.1,3,14269.08,0.061,0.5653,0
msme_000538,salon,0.7888,0.6142,0.7081,0.8399,0.9541,29,70110.27,0.71,2,36263.23,0.1715,0.6078,0
msme_000539,restaurant,0.9702,0.4219,0.5487,0.9049,0.8391,26,55686.68,25.12,3,13523.73,0.0392,0.1862,0
msme_000540,restaurant,0.8365,0.6377,0.5808,0.6458,0.7863,24,50802.89,5.39,1,36314.1,0.1567,0.3334,0
msme_000541,kirana,0.8182,0.7528,0.4329,0.826,0.9426,32,50357.99,0.59,3,56381.19,0.1483,0.6445,0
msme_000542,restaurant,0.8781,0.6844,0.48,0.495,0.9031,34,32608.86,18.51,3,5885.96,0.1452,0.3836,0
msme_000543,kirana,0.9252,0.4988,0.5536,0.7583,0.8415,31,53223.08,3.39,1,2362.84,0.1868,0.0249,0
msme_000544,restaurant,0.7368,0.6684,0.3846,0.5966,0.9756,36,86954.6,1.49,1,0.0,0.1125,0.4308,0
msme_000545,mechanic,0.9371,0.4822,0.6633,0.9236,0.9563,29,54448.03,2.39,1,0.0,0.4294,0.3143,0
msme_000546,tailor,0.8711,0.8054,0.7064,0.8413,0.9986,35,105787.41,5.8,0,14712.82,0.5645,0.1597,0
msme_000547,mechanic,0.7573,0.833,0.5053,0.7028,0.9987,29,29227.93,6.05,0,21196.83,0.1302,0.3719,0
msme_000548,tailor,0.8908,0.7466,0.6399,0.4216,0.9797,28,56119.37,0.33,0,16263.18,0.1092,0.3419,0
msme_000549,restaurant,0.967,0.6791,0.6522,0.7145,0.8954,32,6094.24,5.74,3,29372.58,0.3133,0.3308,0
msme_000550,restaurant,0.903,0.8481,0.3417,0.7654,0.9823,31,43739.27,1.6,2,9071.75,0.2663,0.1689,0
msme_000551,tailor,0.4171,0.7209,0.4018,0.5939,0.9894,27,58970.71,1.05,1,6710.56,0.033,0.242,0
msme_000552,restaurant,0.6461,0.7601,0.6818,0.5083,0.7878,28,67776.15,3.48,2,2434.38,0.2249,0.4372,0
msme_000553,mechanic,0.6866,0.7198,0.3038,0.5919,0.7532,20,75428.69,4.06,1,31502.91,0.2998,0.3999,0
msme_000554,kirana,0.9657,0.6814,0.5825,0.7594,0.7629,27,79410.04,6.67,0,6753.03,0.3426,0.0997,0
msme_000555,restaurant,0.9528,0.579,0.8349,0.8655,0.742,28,138911.45,6.52,0,27630.35,0.2679,0.0952,0
msme_000556,mechanic,0.8418,0.7625,0.7113,0.8508,0.9149,25,64104.99,13.81,1,24669.37,0.1138,0.2933,0
msme_000557,pharmacy,0.8253,0.5717,0.3177,0.8189,0.7921,25,41872.59,4.3,0,36133.92,0.2449,0.4404,0
msme_000558,tailor,0.8144,0.7187,0.6054,0.861,0.924,37,32151.18,2.76,0,28177.11,0.2887,0.443,0
msme_000559,mechanic,0.7752,0.6153,0.5492,0.6765,0.897,34,53471.6,0.25,2,6708.31,0.0366,0.4339,0
msme_000560,mechanic,0.5729,0.7768,0.6035,0.9074,0.714,36,50784.21,0.43,2,20953.07,0.141,0.2861,0
msme_000561,mechanic,0.7829,0.8885,0.7132,0.7133,0.6877,32,23945.63,13.27,1,1675.28,0.0942,0.292,0
msme_000562,pharmacy,0.882,0.8142,0.7884,0.6292,0.936,35,105613.36,12.02,1,21346.94,0.2394,0.6091,0
msme_000563,mechanic,0.9094,0.5236,0.4853,0.7679,0.9186,35,1000.0,21.19,1,18697.94,0.1973,0.3892,0
msme_000564,mechanic,0.6449,0.4422,0.7325,0.4373,0.9909,23,47756.86,0.1,0,17963.07,0.2269,0.3459,0
msme_000565,pharmacy,0.8483,0.6334,0.7248,0.5946,0.871,29,51168.0,0.23,0,9506.46,0.0338,0.406,0
msme_000566,tailor,0.7062,0.7334,0.4701,0.6411,0.9869,30,66325.2,12.79,1,49027.66,0.1064,0.2058,0
msme_000567,tailor,0.9623,0.6074,0.6015,0.7375,0.9158,29,45584.96,0.39,1,40652.56,0.0335,0.1262,0
msme_000568,restaurant,0.8044,0.4967,0.5266,0.7695,0.8296,20,57568.59,1.37,3,3444.58,0.2218,0.3442,0
msme_000569,pharmacy,0.6649,0.4772,0.7864,0.471,0.8878,35,104460.41,11.87,3,14140.57,0.1219,0.1368,0
msme_000570,salon,0.5812,0.7045,0.6949,0.6933,0.9289,34,5016.08,6.5,0,15398.41,0.1537,0.0951,0
msme_000571,pharmacy,0.8959,0.7469,0.7479,0.7586,0.9156,38,1000.0,1.4,1,24732.45,0.1365,0.1295,0
msme_000572,salon,0.7255,0.6611,0.5657,0.8188,0.8333,35,48650.93,0.43,0,20012.31,0.4072,0.1301,0
msme_000573,mechanic,0.9668,0.7283,0.6558,0.7573,0.9664,23,14232.52,13.71,0,21577.75,0.0798,0.0741,0
msme_000574,restaurant,0.5385,0.5351,0.7195,0.5016,0.981,28,31013.57,1.72,0,26968.44,0.4395,0.3598,0
msme_000575,pharmacy,0.7022,0.4734,0.6744,0.672,0.7937,24,59407.44,6.17,1,17014.26,0.3088,0.3964,0
msme_000576,mechanic,0.6146,0.6007,0.4487,0.6461,0.9264,33,54238.51,4.1,2,25457.61,0.1799,0.3321,0
msme_000577,tailor,0.8302,0.7223,0.7592,0.8829,0.956,34,21591.59,3.18,1,28805.64,0.1942,0.2087,0
msme_000578,salon,0.9265,0.5718,0.3675,0.6149,0.9421,27,60005.46,7.56,3,7817.64,0.2391,0.2277,0
msme_000579,salon,0.9298,0.6231,0.944,0.7137,0.8918,23,10897.46,1.79,0,23372.25,0.1588,0.2154,0
msme_000580,salon,0.9133,0.5469,0.5776,0.8123,0.968,25,28956.94,2.72,1,34650.0,0.1599,0.2866,0
msme_000581,kirana,0.6466,0.9102,0.5169,0.8631,0.994,33,90251.9,14.15,3,30505.54,0.0827,0.1853,0
msme_000582,pharmacy,0.7829,0.542,0.7591,0.791,0.9897,26,32062.53,6.92,0,39025.38,0.3493,0.2196,0
msme_000583,mechanic,0.8403,0.7604,0.2393,0.45,0.8443,29,54906.81,10.84,2,39688.24,0.2123,0.4991,0
msme_000584,kirana,0.947,0.7573,0.6882,0.7281,0.8059,34,50232.25,4.34,1,26162.51,0.4827,0.5277,0
msme_000585,kirana,0.9349,0.809,0.7639,0.761,0.9564,28,39936.83,0.63,1,8120.71,0.0577,0.4344,0
msme_000586,pharmacy,0.8996,0.6706,0.5024,0.8071,0.9383,28,7328.44,5.62,2,11690.98,0.2748,0.4219,0
msme_000587,tailor,0.7794,0.6134,0.5954,0.9501,0.734,39,31997.45,0.42,0,13997.94,0.0955,0.4355,0
msme_000588,tailor,0.9137,0.8639,0.7475,0.809,0.9371,29,35645.98,2.0,5,0.0,0.2069,0.2176,0
msme_000589,mechanic,0.3958,0.6085,0.2348,0.695,0.6589,35,27768.7,2.67,0,16529.36,0.1719,0.4467,0
msme_000590,restaurant,0.936,0.9711,0.3756,0.4908,0.8365,32,70622.1,7.59,1,6904.21,0.0989,0.4769,0
msme_000591,salon,0.7282,0.8116,0.7009,0.3884,0.9225,24,39524.36,1.81,0,43339.31,0.2201,0.1921,0
msme_000592,restaurant,0.8429,0.5191,0.7819,0.7799,0.8708,25,28823.83,5.38,2,24381.36,0.0877,0.3101,0
msme_000593,pharmacy,0.9428,0.6181,0.6537,0.8417,0.9848,35,64894.3,2.62,0,0.0,0.2075,0.152,0
msme_000594,pharmacy,0.9318,0.8631,0.482,0.6505,0.942,36,89392.05,19.06,1,30533.06,0.2466,0.3,0
msme_000595,mechanic,0.9037,0.6895,0.4224,0.9131,0.7814,26,44892.32,0.87,0,15017.03,0.2655,0.4569,0
msme_000596,mechanic,0.7912,0.7692,0.6991,0.6463,0.9406,30,67234.56,6.81,0,17609.62,0.3325,0.2144,0
msme_000597,pharmacy,0.8411,0.6419,0.3197,0.8236,0.8706,42,84997.59,4.3,0,3360.39,0.0189,0.2962,0
msme_000598,mechanic,0.8758,0.7447,0.3954,0.8435,0.7991,42,102790.33,6.2,2,27841.5,0.1494,0.2798,0
msme_000599,restaurant,0.703,0.6601,0.7089,0.7803,0.8869,35,15640.02,3.8,1,20372.95,0.4186,0.1501,0
msme_000600,restaurant,0.7788,0.8193,0.7448,0.8044,0.9881,24,76209.12,0.11,0,25325.72,0.4171,0.3232,0
msme_000601,pharmacy,0.6908,0.7713,0.422,0.5767,0.8943,30,1000.0,5.24,1,17958.55,0.162,0.3538,0
msme_000602,kirana,0.608,0.7391,0.7329,0.3045,0.9882,38,59591.38,19.04,0,6827.96,0.0619,0.2066,0
msme_000603,pharmacy,0.7768,0.8372,0.6844,0.6202,0.9657,31,64952.31,12.67,1,12677.2,0.1924,0.324,0
msme_000604,tailor,0.655,0.9101,0.7728,0.8325,0.919,43,54411.92,3.58,0,39615.84,0.2761,0.2965,0
msme_000605,salon,0.5056,0.7068,0.3836,0.6849,0.9873,35,62020.39,0.45,4,19880.48,0.268,0.4808,0
msme_000606,kirana,0.9539,0.5464,0.4919,0.8029,0.879,33,49676.14,4.12,1,28810.34,0.3829,0.3361,0
msme_000607,tailor,0.7046,0.8904,0.6917,0.5983,0.7142,34,61510.56,5.98,1,30138.0,0.3096,0.285,0
msme_000608,salon,0.6458,0.5024,0.492,0.9275,0.8191,25,83360.42,3.24,4,22148.12,0.1542,0.5699,0
msme_000609,salon,0.8966,0.5908,0.8483,0.7519,0.9627,29,58569.6,17.14,3,3862.12,0.1283,0.6106,0
msme_000610,tailor,0.8522,0.8397,0.42,0.4987,0.5283,34,31192.78,3.42,2,23233.18,0.3918,0.6016,0
msme_000611,tailor,0.9133,0.8042,0.562,0.5998,0.8299,36,14278.35,2.27,0,40017.24,0.0739,0.3562,0
msme_000612,tailor,0.7272,0.7563,0.5423,0.7211,0.9675,29,82137.51,1.32,1,20819.84,0.0088,0.248,0
msme_000613,salon,0.5388,0.6757,0.7093,0.7103,0.9358,25,49026.93,18.2,1,30965.56,0.2542,0.1867,1
msme_000614,tailor,0.8445,0.3381,0.7378,0.7037,0.8882,28,20692.94,11.3,0,0.0,0.3861,0.4894,0
msme_000615,salon,0.8527,0.6384,0.4972,0.7091,0.9607,25,27935.07,9.81,1,3683.96,0.203,0.5863,0
msme_000616,tailor,0.9504,0.8286,0.787,0.5305,0.8325,32,11460.85,4.52,0,6451.04,0.1616,0.3152,0
msme_000617,kirana,0.6954,0.8907,0.6167,0.6806,0.9324,17,58825.91,4.42,0,34166.95,0.223,0.2343,0
msme_000618,mechanic,0.905,0.7948,0.691,0.7753,0.9272,29,2744.88,6.47,2,32229.52,0.0516,0.162,0
msme_000619,tailor,0.9084,0.7182,0.4914,0.7504,0.8427,37,66745.26,2.07,0,22687.01,0.0472,0.0935,0
msme_000620,kirana,0.8979,0.6777,0.5588,0.8258,0.935,16,57902.42,7.65,4,43468.63,0.3394,0.4739,0
msme_000621,kirana,0.9474,0.5723,0.3553,0.5431,0.9836,28,29618.36,4.75,0,4959.87,0.2169,0.1291,0
msme_000622,pharmacy,0.8999,0.8018,0.5776,0.6188,0.9357,28,16002.5,3.82,1,45692.33,0.215,0.3557,0
msme_000623,restaurant,0.8114,0.8755,0.6727,0.6412,0.8973,21,70981.2,0.73,0,20067.94,0.2666,0.1015,0
msme_000624,pharmacy,0.7321,0.8087,0.8715,0.6778,0.9811,32,53063.88,2.35,2,12265.49,0.073,0.1732,0
msme_000625,salon,0.7651,0.6214,0.5791,0.7464,0.8956,35,35599.37,4.5,2,14974.43,0.067,0.0805,0
msme_000626,pharmacy,0.8428,0.6171,0.5823,0.9207,0.9911,36,93067.74,2.8,0,28683.7,0.1461,0.1703,0
msme_000627,salon,0.9408,0.8128,0.4024,0.5541,0.9842,33,39415.56,1.69,0,13573.57,0.0711,0.089,0
msme_000628,restaurant,0.9884,0.36,0.7231,0.6775,0.9913,31,98866.56,11.98,2,1333.46,0.1562,0.11,0
msme_000629,pharmacy,0.7617,0.8084,0.6887,0.8683,0.8738,31,109796.83,5.51,4,0.0,0.1243,0.7018,0
msme_000630,kirana,0.619,0.5027,0.6333,0.6562,0.9714,35,89644.36,1.35,1,35836.97,0.2865,0.6219,0
msme_000631,pharmacy,0.9304,0.7363,0.8263,0.7092,0.9964,34,56822.85,1.31,0,4450.45,0.1589,0.328,0
msme_000632,pharmacy,0.7525,0.8324,0.7374,0.6505,0.9658,30,84559.57,14.33,0,32924.73,0.3186,0.147,0
msme_000633,pharmacy,0.9469,0.798,0.6506,0.5663,0.9303,31,16593.26,0.1,2,44389.67,0.4096,0.1446,0
msme_000634,pharmacy,0.8898,0.5903,0.7132,0.5206,0.8938,23,31639.0,17.39,2,30634.52,0.1756,0.2884,0
msme_000635,kirana,0.5732,0.8786,0.7595,0.5259,0.9318,33,63004.18,1.44,1,27762.27,0.166,0.3648,0
msme_000636,tailor,0.754,0.6682,0.6283,0.8257,0.9574,19,19983.91,4.82,1,0.0,0.2141,0.1964,0
msme_000637,mechanic,0.8851,0.7454,0.4122,0.8461,0.8468,42,1000.0,1.62,1,36506.43,0.4129,0.2802,0
msme_000638,salon,0.8709,0.6572,0.6279,0.5018,0.9793,26,75317.31,6.31,0,13862.52,0.0844,0.4622,0
msme_000639,mechanic,0.8003,0.7322,0.6303,0.815,0.9702,30,56331.06,7.43,1,8128.84,0.0798,0.1921,0
msme_000640,salon,0.836,0.7847,0.5821,0.6521,0.9519,22,32250.87,0.1,1,0.0,0.1498,0.1309,0
msme_000641,pharmacy,0.8988,0.4932,0.6091,0.602,0.9639,28,52543.43,6.42,1,17788.27,0.2467,0.0524,0
msme_000642,pharmacy,0.9061,0.7539,0.6179,0.8568,0.9101,24,67490.91,3.18,1,7077.0,0.2551,0.3963,0
msme_000643,restaurant,0.8838,0.8131,0.3493,0.6861,0.9902,37,78310.14,6.03,0,37875.8,0.2874,0.2624,0
msme_000644,restaurant,0.7411,0.9123,0.6683,0.3154,0.9688,21,46001.45,19.89,0,11739.79,0.1632,0.2862,0
msme_000645,salon,0.7765,0.8537,0.5458,0.6623,0.9699,30,59151.4,4.87,0,19105.85,0.3945,0.4673,0
msme_000646,tailor,0.9695,0.7106,0.639,0.6655,0.9809,28,34117.34,3.38,1,5547.51,0.1701,0.0719,0
msme_000647,tailor,0.6435,0.7394,0.3239,0.896,0.8465,39,69581.4,1.21,1,18033.19,0.1324,0.3471,0
msme_000648,pharmacy,0.8753,0.3452,0.5148,0.6585,0.9144,29,42423.95,3.86,3,11816.69,0.0462,0.1776,0
msme_000649,restaurant,0.8539,0.6336,0.2202,0.7742,0.8725,25,37612.91,21.22,1,37479.88,0.2157,0.1995,0
msme_000650,pharmacy,0.9241,0.5847,0.7886,0.6666,0.9909,31,42131.84,0.1,1,38427.0,0.0485,0.0407,0
msme_000651,mechanic,0.9705,0.6436,0.6799,0.4192,0.9856,23,99562.83,9.29,3,55884.48,0.2182,0.0751,0
msme_000652,tailor,0.7624,0.8326,0.5689,0.4535,0.9187,25,28971.97,0.12,0,46128.84,0.21,0.071,0
msme_000653,pharmacy,0.7135,0.8945,0.6379,0.839,0.9533,35,46865.83,0.65,2,40305.65,0.2558,0.2108,0
msme_000654,kirana,0.9516,0.7405,0.5995,0.6732,0.9539,33,19157.65,0.76,1,23784.95,0.0323,0.2224,0
msme_000655,kirana,0.8889,0.8639,0.5693,0.5246,0.894,29,22497.62,1.24,1,34400.91,0.1705,0.3354,0
msme_000656,mechanic,0.8989,0.7324,0.4533,0.7836,0.7501,30,67896.66,4.67,2,34132.61,0.3446,0.0924,0
msme_000657,salon,0.8219,0.6372,0.5768,0.8404,0.8832,29,59695.68,0.29,4,0.0,0.0641,0.1521,0
msme_000658,salon,0.8523,0.6731,0.6617,0.8629,0.8682,36,17200.96,2.69,5,26997.05,0.1859,0.3036,0
msme_000659,restaurant,0.8564,0.3619,0.6433,0.4201,0.952,29,70542.55,9.09,0,42949.97,0.2168,0.0644,0
msme_000660,mechanic,0.8328,0.9716,0.8198,0.6962,0.8023,33,62539.96,1.6,1,18710.35,0.0368,0.2252,0
msme_000661,pharmacy,0.9108,0.8401,0.6618,0.8848,0.9362,30,69620.63,5.05,2,13710.3,0.121,0.3181,0
msme_000662,restaurant,0.7534,0.8719,0.7697,0.796,0.9893,26,58653.67,5.15,1,8351.85,0.1267,0.2864,0
msme_000663,mechanic,0.7696,0.6523,0.6811,0.9131,0.9073,31,48366.91,2.42,0,25631.06,0.1058,0.6888,0
msme_000664,mechanic,0.7471,0.5621,0.6149,0.7083,0.9901,24,28203.52,3.23,1,28113.03,0.1246,0.2993,0
msme_000665,salon,0.7616,0.8777,0.6574,0.6466,0.8739,34,97316.34,8.11,1,54141.19,0.4348,0.1565,0
msme_000666,restaurant,0.8499,0.7493,0.5966,0.6061,0.7958,23,79257.89,4.1,0,0.0,0.2586,0.067,0
msme_000667,kirana,0.5092,0.6925,0.5587,0.7407,0.9262,26,25211.34,14.76,0,14070.45,0.2582,0.2253,0
msme_000668,salon,0.865,0.7897,0.6948,0.7547,0.9167,33,27844.04,7.05,1,48939.92,0.1427,0.6978,0
msme_000669,mechanic,0.8486,0.825,0.541,0.7325,0.9029,29,69135.65,9.53,1,17074.93,0.1324,0.3368,0
msme_000670,pharmacy,0.6858,0.7913,0.5248,0.7814,0.8635,28,55408.91,0.2,0,2897.04,0.0557,0.1899,0
msme_000671,salon,0.708,0.6298,0.7256,0.9617,0.8255,30,41948.25,4.85,1,0.0,0.1936,0.5412,0
msme_000672,restaurant,0.8859,0.7872,0.4705,0.4687,0.8864,35,71175.49,2.44,0,7259.93,0.3401,0.4446,0
msme_000673,salon,0.6665,0.9575,0.4571,0.826,0.9386,24,40588.76,0.47,0,21100.59,0.164,0.2277,0
msme_000674,restaurant,0.9062,0.7742,0.6419,0.5077,0.8976,24,50491.33,1.24,0,11449.34,0.0172,0.2139,0
msme_000675,tailor,0.8494,0.5754,0.693,0.7638,0.9251,43,52810.93,14.32,1,50505.88,0.3206,0.1107,0
msme_000676,mechanic,0.817,0.8611,0.7264,0.4071,0.9634,36,62494.82,0.63,1,43565.25,0.4,0.2452,0
msme_000677,mechanic,0.7529,0.6007,0.5557,0.7593,0.8579,26,33196.47,1.03,0,16353.8,0.0593,0.4667,1
msme_000678,tailor,0.8284,0.9117,0.803,0.5909,0.9756,30,54678.69,2.96,1,37581.89,0.1722,0.5095,0
msme_000679,pharmacy,0.5724,0.8644,0.5769,0.682,0.8279,26,44659.24,8.5,1,6068.25,0.1297,0.0823,0
msme_000680,restaurant,0.956,0.5695,0.6305,0.7805,0.9094,28,32519.2,2.74,0,15417.57,0.2196,0.1125,0
msme_000681,kirana,0.9288,0.5892,0.4821,0.8408,0.9835,29,67793.72,2.74,0,13589.88,0.0483,0.0892,0
msme_000682,salon,0.8045,0.5528,0.645,0.7928,0.9876,27,53727.05,3.5,1,34736.58,0.159,0.1505,0
msme_000683,pharmacy,0.4344,0.6423,0.792,0.5866,0.9813,27,66558.66,3.2,1,51927.02,0.6007,0.2334,0
msme_000684,tailor,0.8619,0.5094,0.6285,0.9426,0.9962,37,52314.02,4.58,2,40291.61,0.4205,0.0898,0
msme_000685,restaurant,0.7741,0.6084,0.7663,0.7009,0.8662,28,9497.64,6.93,0,29583.85,0.2457,0.4304,0
msme_000686,salon,0.7598,0.8184,0.7494,0.6108,0.973,27,51864.1,1.67,1,14364.23,0.1984,0.276,0
msme_000687,kirana,0.8429,0.6903,0.4371,0.8677,0.7856,23,1000.0,2.84,0,22572.1,0.1178,0.3951,0
msme_000688,salon,0.527,0.463,0.7028,0.7981,0.8878,23,76158.22,8.58,1,3560.11,0.1596,0.2284,0
msme_000689,kirana,0.9402,0.4435,0.7293,0.7782,0.9528,25,58997.14,5.45,3,5221.85,0.3947,0.2631,0
msme_000690,restaurant,0.9353,0.7521,0.6022,0.7129,0.9858,46,69964.2,5.7,0,11829.56,0.504,0.4239,0
msme_000691,salon,0.8966,0.8883,0.3995,0.9271,0.9244,29,36922.9,8.35,1,9056.58,0.1812,0.8009,0
msme_000692,mechanic,0.825,0.6471,0.4146,0.8078,0.9177,35,21236.63,2.35,1,9730.55,0.1126,0.0322,0
msme_000693,salon,0.6835,0.6766,0.4295,0.7938,0.9053,21,38930.23,3.07,0,10542.52,0.2171,0.3957,0
msme_000694,pharmacy,0.6728,0.6302,0.8333,0.9193,0.8405,25,20065.06,12.66,0,13468.87,0.1932,0.0371,0
msme_000695,restaurant,0.624,0.7035,0.7332,0.6092,0.9262,23,46091.37,5.04,1,20578.6,0.1544,0.18,0
msme_000696,pharmacy,0.6175,0.7604,0.2947,0.599,0.8507,34,86315.88,1.06,0,21121.63,0.0441,0.2432,0
msme_000697,mechanic,0.7305,0.8128,0.6099,0.8529,0.9323,33,23573.53,2.61,0,22820.73,0.1428,0.4935,0
msme_000698,pharmacy,0.7628,0.7123,0.5327,0.6384,0.9106,37,85585.95,0.53,1,16044.42,0.2316,0.2952,0
msme_000699,kirana,0.4337,0.6698,0.5857,0.8195,0.9753,27,26555.33,3.84,2,9625.57,0.1912,0.1728,0
msme_000700,mechanic,0.9304,0.8507,0.6868,0.5493,0.971,32,47265.77,2.87,3,9627.04,0.2044,0.2639,0
msme_000701,tailor,0.8451,0.6373,0.6739,0.4258,0.7628,28,41685.52,0.87,0,37671.02,0.081,0.3458,0
msme_000702,mechanic,0.8468,0.6735,0.8965,0.7531,0.9926,23,81924.58,3.92,2,13314.85,0.4829,0.1725,0
msme_000703,kirana,0.7417,0.7818,0.41,0.9096,0.9581,33,53447.25,3.5,0,15548.23,0.2531,0.2079,0
msme_000704,pharmacy,0.7344,0.9337,0.7852,0.6876,0.9393,26,46286.34,11.48,0,16602.68,0.0783,0.4502,0
msme_000705,pharmacy,0.8084,0.6657,0.5726,0.6727,0.7633,21,80741.76,3.6,0,13809.5,0.2794,0.0915,0
msme_000706,tailor,0.8133,0.7307,0.554,0.4449,0.9493,36,24231.2,18.92,0,32704.31,0.2192,0.1227,0
msme_000707,restaurant,0.715,0.8361,0.5059,0.4621,0.9912,32,55336.15,14.2,2,46297.92,0.0692,0.4701,0
msme_000708,kirana,0.8125,0.7399,0.4497,0.7602,0.9303,31,71131.78,4.09,0,19959.38,0.1807,0.1679,0
msme_000709,restaurant,0.6406,0.8622,0.4981,0.6747,0.9605,36,29302.68,5.17,2,0.0,0.4072,0.3507,0
msme_000710,kirana,0.8226,0.7651,0.6071,0.8247,0.8312,36,90916.09,0.21,0,38459.03,0.1696,0.2295,0
msme_000711,kirana,0.8029,0.7379,0.7844,0.8837,0.991,29,7759.83,10.96,0,0.0,0.0788,0.059,0
msme_000712,salon,0.8343,0.8202,0.3884,0.8057,0.8911,22,74687.83,3.74,1,35871.58,0.2124,0.0578,0
msme_000713,pharmacy,0.6727,0.6283,0.4512,0.6479,0.8392,27,56370.48,0.38,2,45741.14,0.3589,0.4776,0
msme_000714,pharmacy,0.8071,0.7225,0.5768,0.4296,0.8629,17,60857.29,8.92,1,40173.32,0.1236,0.1024,0
msme_000715,pharmacy,0.5866,0.8238,0.4335,0.5222,0.959,25,63705.69,5.19,1,32411.96,0.2125,0.2271,0
msme_000716,mechanic,0.8076,0.8006,0.308,0.6567,0.9816,34,48754.54,1.04,2,39491.47,0.2808,0.0511,0
msme_000717,salon,0.6258,0.8108,0.4915,0.9171,0.947,20,55944.93,9.92,1,16174.67,0.2277,0.5991,0
msme_000718,restaurant,0.916,0.798,0.4575,0.5854,0.9344,34,42192.92,4.11,2,24403.49,0.1008,0.395,0
msme_000719,kirana,0.9543,0.428,0.4101,0.5147,0.9873,37,64633.98,1.77,0,29853.57,0.2522,0.5986,0
msme_000720,kirana,0.7221,0.8332,0.7899,0.6982,0.9463,29,62851.49,13.25,0,0.0,0.2286,0.407,0
msme_000721,salon,0.8672,0.6178,0.5302,0.85,0.91,34,48991.71,1.85,3,19526.68,0.3264,0.4532,0
msme_000722,kirana,0.9331,0.7301,0.4675,0.8384,0.876,33,71221.85,0.2,2,12827.2,0.1004,0.5633,0
msme_000723,mechanic,0.6085,0.6045,0.3627,0.5237,0.864,39,56934.32,4.94,1,18286.34,0.1072,0.1536,0
msme_000724,tailor,0.672,0.8191,0.6948,0.4467,0.9478,33,58825.2,12.89,1,44483.68,0.1804,0.0283,0
msme_000725,tailor,0.9278,0.5147,0.8603,0.4452,0.9644,30,39593.49,4.34,1,37704.77,0.2959,0.3761,0
msme_000726,restaurant,0.4539,0.5708,0.6838,0.8599,0.8821,36,53835.53,1.6,0,2005.69,0.0194,0.5674,0
msme_000727,salon,0.8802,0.5578,0.2395,0.6559,0.9148,22,74723.07,2.05,0,22105.44,0.1571,0.2469,0
msme_000728,mechanic,0.7585,0.907,0.6863,0.8351,0.9863,36,28953.17,14.9,1,13640.88,0.2608,0.2736,0
msme_000729,restaurant,0.8467,0.4563,0.6323,0.9215,0.9986,35,76293.79,8.48,0,19369.34,0.1714,0.1024,0
msme_000730,tailor,0.7625,0.6528,0.7975,0.7568,0.9651,32,42893.52,22.67,1,15564.05,0.1424,0.1075,0
msme_000731,mechanic,0.79,0.56,0.6106,0.6137,0.9752,28,29721.4,0.48,2,12014.66,0.2344,0.1911,0
msme_000732,salon,0.5886,0.5227,0.3747,0.6375,0.8773,28,28155.43,9.02,2,14344.09,0.2767,0.295,0
msme_000733,restaurant,0.871,0.7756,0.5661,0.6085,0.9823,30,80772.8,0.32,1,6517.99,0.1654,0.1077,0
msme_000734,restaurant,0.758,0.8291,0.7089,0.7429,0.938,31,33429.9,1.89,1,0.0,0.307,0.408,0
msme_000735,salon,0.9692,0.9194,0.8659,0.7644,0.9428,29,51897.53,8.36,2,17939.17,0.2432,0.3585,0
msme_000736,pharmacy,0.7337,0.7849,0.6363,0.5734,0.8094,29,103083.01,4.69,0,12434.74,0.1664,0.3895,0
msme_000737,salon,0.755,0.8656,0.7401,0.7191,0.8759,24,47550.86,1.37,1,51015.91,0.2644,0.6378,0
msme_000738,salon,0.8358,0.7203,0.5485,0.6033,0.983,31,82169.97,4.08,1,7168.22,0.2299,0.3653,0
msme_000739,restaurant,0.8656,0.7781,0.6956,0.9384,0.9678,36,68800.35,8.24,1,26166.71,0.186,0.4772,0
msme_000740,pharmacy,0.8629,0.7142,0.76,0.5186,0.9815,32,73630.36,2.41,0,21484.8,0.12,0.1262,0
msme_000741,pharmacy,0.5584,0.4719,0.767,0.6604,0.8561,30,60371.87,1.13,1,18744.35,0.3209,0.7097,0
msme_000742,mechanic,0.9424,0.6774,0.4141,0.7211,0.7338,36,32579.64,0.11,1,23225.54,0.0444,0.2835,0
msme_000743,mechanic,0.7142,0.8739,0.3453,0.6051,0.9785,27,74528.74,1.07,1,27558.32,0.1796,0.151,0
msme_000744,mechanic,0.9186,0.826,0.641,0.7759,0.9636,36,37026.07,1.29,4,0.0,0.1375,0.1827,0
msme_000745,kirana,0.9057,0.7645,0.4552,0.6652,0.8783,23,58815.75,6.86,0,25045.51,0.038,0.2246,0
msme_000746,mechanic,0.6428,0.8409,0.7703,0.5515,0.834,29,63474.01,2.49,0,32631.44,0.5167,0.0884,0
msme_000747,kirana,0.9272,0.5039,0.5978,0.7024,0.9599,30,66181.63,9.19,1,25603.79,0.1331,0.546,0
msme_000748,salon,0.6228,0.8616,0.5306,0.4758,0.9506,26,39981.61,0.32,1,34678.83,0.3896,0.4068,0
msme_000749,salon,0.6791,0.9166,0.5313,0.9471,0.9192,33,62279.64,0.28,1,42363.97,0.2293,0.3619,0
msme_000750,restaurant,0.674,0.7317,0.6341,0.6299,0.9981,25,59216.08,5.5,0,9628.38,0.1402,0.2852,0
msme_000751,pharmacy,0.5627,0.8962,0.4179,0.7243,0.9619,29,40359.9,1.19,1,54137.84,0.3102,0.1394,0
msme_000752,salon,0.9338,0.4699,0.4433,0.6207,0.9838,28,63265.88,4.13,3,17259.65,0.1049,0.2145,0
msme_000753,mechanic,0.8212,0.7962,0.5127,0.577,0.8222,30,54929.27,7.11,1,38582.84,0.0561,0.1935,0
msme_000754,salon,0.8185,0.8271,0.5169,0.7846,0.8338,36,104970.93,10.51,1,25150.33,0.136,0.3692,0
msme_000755,kirana,0.6026,0.5135,0.9043,0.6628,0.9939,22,73718.41,5.52,1,1613.12,0.4497,0.5085,0
msme_000756,mechanic,0.8329,0.9242,0.6541,0.6684,0.9576,18,5797.97,3.86,1,4172.94,0.0545,0.1015,0
msme_000757,kirana,0.8332,0.7585,0.7157,0.7914,0.9961,35,87135.01,3.42,1,19474.52,0.0749,0.3045,0
msme_000758,tailor,0.89,0.7507,0.5177,0.4004,0.9459,30,27091.64,4.02,0,34764.24,0.1243,0.3033,0
msme_000759,restaurant,0.8244,0.877,0.7099,0.9168,0.9687,28,28959.71,11.87,0,38189.11,0.2042,0.1227,0
msme_000760,pharmacy,0.8802,0.6414,0.5312,0.8981,0.9776,37,31262.16,6.2,3,38646.55,0.1258,0.3124,0
msme_000761,salon,0.8345,0.7128,0.6547,0.663,0.8946,25,76544.88,0.26,1,21617.12,0.1722,0.2492,0
msme_000762,mechanic,0.8043,0.7445,0.8091,0.6521,0.995,27,24987.01,5.02,1,40130.53,0.234,0.3644,0
msme_000763,pharmacy,0.6731,0.7246,0.8874,0.5998,0.8428,30,79834.86,23.25,2,18710.91,0.3347,0.2192,0
msme_000764,mechanic,0.7682,0.6719,0.3226,0.8318,0.9411,38,97479.63,1.69,0,23433.91,0.0603,0.3641,0
msme_000765,kirana,0.747,0.6545,0.5705,0.6701,0.8696,29,52560.72,0.34,2,27910.32,0.0838,0.1914,0
msme_000766,restaurant,0.8998,0.6067,0.5684,0.9258,0.921,27,128417.15,1.57,1,0.0,0.2918,0.0966,0
msme_000767,mechanic,0.7651,0.7099,0.5128,0.4156,0.9923,26,46500.38,5.1,1,28432.14,0.1019,0.6524,0
msme_000768,restaurant,0.7959,0.7491,0.7346,0.8764,0.8976,31,36594.89,7.01,2,23558.52,0.3392,0.3372,0
msme_000769,mechanic,0.9362,0.8163,0.641,0.5684,0.984,32,47214.9,4.15,0,18505.7,0.1897,0.3359,0
msme_000770,restaurant,0.8168,0.8215,0.6349,0.6644,0.9474,26,68907.78,14.11,1,31294.18,0.1396,0.3455,0
msme_000771,salon,0.9284,0.7317,0.6374,0.4756,0.8368,38,90778.81,5.52,2,33094.78,0.1465,0.1383,0
msme_000772,mechanic,0.9684,0.7538,0.6507,0.7753,0.9272,28,32527.43,9.98,2,5012.42,0.034,0.1649,0
msme_000773,restaurant,0.9333,0.7122,0.3424,0.7528,0.9875,33,47444.14,2.93,1,10331.2,0.3153,0.2659,0
msme_000774,mechanic,0.7205,0.7538,0.4737,0.8147,0.9833,27,31150.57,1.0,2,5889.43,0.3863,0.5224,0
msme_000775,restaurant,0.782,0.6021,0.7014,0.8245,0.9391,33,48950.15,12.08,0,11348.54,0.1967,0.1785,0
msme_000776,pharmacy,0.6382,0.8437,0.3449,0.5239,0.9154,21,44197.69,7.5,0,0.0,0.1679,0.2798,0
msme_000777,restaurant,0.8515,0.716,0.7849,0.4523,0.7598,29,31841.08,5.67,1,30030.98,0.0927,0.1099,0
msme_000778,mechanic,0.8236,0.8242,0.4095,0.8031,0.8804,36,83208.3,4.12,0,25211.16,0.1319,0.2606,0
msme_000779,restaurant,0.9027,0.4912,0.3929,0.584,0.9103,34,77347.67,10.29,1,17689.16,0.2108,0.5442,0
msme_000780,tailor,0.8784,0.7843,0.6562,0.5649,0.8473,24,63180.36,1.59,4,16364.4,0.148,0.522,0
msme_000781,restaurant,0.8773,0.811,0.6249,0.7542,0.8124,41,58207.52,2.19,1,27872.21,0.0851,0.2275,0
msme_000782,salon,0.59,0.5895,0.4635,0.7825,0.9033,37,73612.5,0.96,2,26426.82,0.5526,0.1986,0
msme_000783,restaurant,0.6941,0.529,0.5301,0.6588,0.8841,30,64660.71,5.66,2,0.0,0.2859,0.244,0
msme_000784,mechanic,0.9456,0.7406,0.7402,0.9135,0.976,27,82487.15,2.35,1,19569.44,0.1629,0.4747,0
msme_000785,mechanic,0.9201,0.8951,0.5523,0.9061,0.9676,39,62607.79,19.99,0,5812.07,0.0611,0.061,0
msme_000786,tailor,0.6647,0.9103,0.4015,0.6545,0.9595,22,67191.57,0.99,0,6081.45,0.1934,0.3058,0
msme_000787,pharmacy,0.8871,0.5356,0.5981,0.6624,0.8669,31,87862.01,12.75,2,27781.02,0.0752,0.1105,0
msme_000788,tailor,0.8705,0.7015,0.7492,0.6426,0.8746,35,22904.5,33.55,1,10109.1,0.245,0.0685,0
msme_000789,mechanic,0.8079,0.8526,0.6027,0.4432,0.9517,24,46650.54,7.07,0,24080.4,0.1325,0.3783,0
msme_000790,kirana,0.7721,0.6162,0.4849,0.7889,0.9488,23,48227.3,6.14,1,7931.86,0.0816,0.4076,0
msme_000791,salon,0.8481,0.8948,0.6485,0.6846,0.9162,34,67022.39,3.43,2,0.0,0.0233,0.1347,0
msme_000792,salon,0.8647,0.6477,0.6896,0.7075,0.9715,30,36775.9,0.26,2,33841.31,0.1243,0.0756,0
msme_000793,mechanic,0.8597,0.6311,0.7931,0.8738,0.9033,32,40743.11,4.87,3,16492.35,0.0793,0.5533,0
msme_000794,salon,0.9711,0.8406,0.3916,0.8336,0.8869,26,50312.02,2.77,1,25144.77,0.1319,0.2868,0
msme_000795,pharmacy,0.7127,0.5265,0.6931,0.545,0.9473,26,87653.92,0.5,0,0.0,0.2105,0.6352,0
msme_000796,tailor,0.8185,0.5981,0.6355,0.5729,0.9309,41,30689.57,3.38,0,9035.37,0.0466,0.106,0
msme_000797,salon,0.8445,0.777,0.4525,0.4643,0.9177,32,48751.48,11.75,0,27288.5,0.1466,0.3194,0
msme_000798,tailor,0.7166,0.6862,0.7006,0.8409,0.7742,26,41356.91,2.59,1,11386.87,0.1029,0.2012,0
msme_000799,kirana,0.5739,0.4014,0.3475,0.6922,0.8386,32,63378.03,5.25,1,49887.43,0.1683,0.4302,0
msme_000800,restaurant,0.7741,0.7293,0.4311,0.677,0.9126,35,62145.83,0.16,0,19334.81,0.1674,0.4434,0
msme_000801,pharmacy,0.7861,0.76,0.9044,0.7003,0.8842,19,51596.57,8.37,0,5653.27,0.1729,0.283,0
msme_000802,restaurant,0.7832,0.6564,0.6519,0.5959,0.8549,29,45569.66,0.21,2,29443.05,0.2453,0.2563,0
msme_000803,tailor,0.7711,0.9186,0.5855,0.5966,0.8964,32,1000.0,1.31,2,9487.36,0.1246,0.4745,0
msme_000804,mechanic,0.7031,0.5423,0.4373,0.5054,0.8787,30,23449.08,3.96,0,23287.55,0.1782,0.2324,0
msme_000805,pharmacy,0.9703,0.5289,0.9001,0.6073,0.903,28,76596.59,4.73,1,27792.96,0.1752,0.5451,0
msme_000806,tailor,0.7721,0.6048,0.5521,0.5327,0.8893,38,62082.26,0.17,1,34809.89,0.064,0.1694,0
msme_000807,salon,0.8882,0.6821,0.7436,0.8142,0.8622,37,78037.18,10.25,1,37426.13,0.3008,0.1696,0
msme_000808,pharmacy,0.9179,0.6934,0.4704,0.553,0.8983,27,24183.11,0.49,1,1193.51,0.2697,0.2495,0
msme_000809,pharmacy,0.9075,0.4483,0.7006,0.7474,0.9643,27,80401.29,1.3,2,8795.14,0.2615,0.4175,0
msme_000810,pharmacy,0.8737,0.7467,0.7904,0.5841,0.9947,23,68727.2,2.73,0,23651.61,0.3045,0.1519,0
msme_000811,tailor,0.9487,0.5748,0.7,0.881,0.6665,34,67399.25,1.76,0,25293.93,0.0741,0.5044,0
msme_000812,tailor,0.8643,0.8113,0.783,0.6373,0.7423,29,51544.55,5.53,3,19920.52,0.2231,0.332,0
msme_000813,kirana,0.8314,0.7567,0.5749,0.794,0.9845,30,49881.84,1.21,0,11753.07,0.2842,0.442,0
msme_000814,mechanic,0.9286,0.7603,0.7233,0.7587,0.9423,27,52082.89,5.62,2,38708.91,0.062,0.1829,0
msme_000815,kirana,0.852,0.8888,0.664,0.5848,0.8243,26,46643.36,9.91,0,38921.91,0.5239,0.5902,0
msme_000816,salon,0.5329,0.881,0.8266,0.7206,0.9079,28,70185.75,1.99,2,0.0,0.2582,0.1868,0
msme_000817,mechanic,0.9505,0.57,0.5492,0.7908,0.9993,31,40367.76,5.29,5,25048.64,0.0551,0.3838,0
msme_000818,tailor,0.8869,0.9211,0.3667,0.8177,0.9993,37,60889.35,1.14,1,8650.1,0.2661,0.597,0
msme_000819,salon,0.878,0.7906,0.7277,0.7575,0.6898,28,49936.83,0.76,1,31801.58,0.0841,0.158,0
msme_000820,pharmacy,0.7262,0.6477,0.6024,0.5739,0.9639,28,35512.74,0.61,0,15823.9,0.142,0.1684,0
msme_000821,tailor,0.9427,0.6457,0.7735,0.5479,0.9984,25,10957.64,2.6,0,23333.29,0.2458,0.3306,0
msme_000822,mechanic,0.8297,0.7769,0.8578,0.8062,0.8777,30,39285.56,9.77,2,13563.52,0.1299,0.6347,0
msme_000823,pharmacy,0.718,0.6455,0.7845,0.7968,0.8837,27,68270.12,5.8,0,33023.32,0.0382,0.3508,0
msme_000824,salon,0.945,0.6891,0.4579,0.5377,0.9164,22,20108.89,3.9,1,5693.26,0.3511,0.1851,0
msme_000825,pharmacy,0.8726,0.643,0.8606,0.7697,0.7291,33,59231.21,4.22,1,0.0,0.0843,0.2794,0
msme_000826,mechanic,0.7718,0.6558,0.6001,0.7683,0.7294,37,31046.89,32.34,0,39668.19,0.0336,0.6597,0
msme_000827,mechanic,0.9162,0.6199,0.4801,0.5585,0.9122,32,27315.53,4.61,2,19066.53,0.1861,0.0214,0
msme_000828,restaurant,0.5327,0.677,0.7395,0.7714,0.9609,37,37090.06,32.13,0,15056.72,0.0904,0.1869,0
msme_000829,tailor,0.9291,0.5416,0.5262,0.4022,0.9681,29,52332.75,9.99,0,12699.57,0.2456,0.3388,0
msme_000830,mechanic,0.9571,0.7533,0.7098,0.4359,0.9624,39,66018.66,5.07,1,19394.2,0.0433,0.5792,0
msme_000831,pharmacy,0.8906,0.7597,0.6599,0.5634,0.9905,29,16775.79,0.49,1,8486.44,0.1585,0.513,0
msme_000832,tailor,0.9119,0.7527,0.7561,0.967,0.8704,19,30018.26,0.5,0,2954.16,0.5658,0.2386,0
msme_000833,pharmacy,0.9303,0.7362,0.8701,0.7268,0.8116,38,71704.48,3.57,1,8114.46,0.2202,0.5207,0
msme_000834,kirana,0.9427,0.9006,0.6062,0.6348,0.9774,27,56389.32,4.74,2,28629.12,0.1961,0.0844,0
msme_000835,kirana,0.7727,0.647,0.4469,0.801,0.927,35,49689.22,1.4,1,498.19,0.1455,0.2217,0
msme_000836,tailor,0.7902,0.7523,0.5402,0.523,0.9399,36,25934.26,2.09,1,34723.73,0.0669,0.1374,0
msme_000837,restaurant,0.7203,0.6238,0.6303,0.6264,0.918,30,59210.75,6.01,0,13626.3,0.3816,0.2441,0
msme_000838,pharmacy,0.7155,0.7695,0.3939,0.5611,0.9509,29,84216.92,3.81,1,25487.46,0.1467,0.2724,0
msme_000839,mechanic,0.9594,0.7737,0.6684,0.7671,0.9222,26,78153.95,0.1,3,17871.85,0.0721,0.4925,0
msme_000840,kirana,0.7161,0.4628,0.5078,0.7367,0.9392,19,46580.53,5.48,1,18978.49,0.2626,0.2,0
msme_000841,pharmacy,0.9474,0.8815,0.52,0.7809,0.9981,28,76232.86,0.47,2,45432.31,0.5416,0.489,0
msme_000842,salon,0.7717,0.84,0.8435,0.7238,0.9829,30,85767.13,2.37,0,26730.43,0.0838,0.3905,0
msme_000843,kirana,0.8565,0.6023,0.4623,0.8047,0.8002,36,62847.73,0.86,0,16160.24,0.2211,0.3027,0
msme_000844,pharmacy,0.9729,0.7638,0.4764,0.5604,0.9691,23,43138.51,3.38,1,0.0,0.0718,0.0668,0
msme_000845,kirana,0.8092,0.8817,0.3963,0.8356,0.9785,34,63629.4,0.31,0,37508.71,0.114,0.6856,0
msme_000846,salon,0.6938,0.6135,0.5187,0.6384,0.8272,22,1000.0,0.35,1,64350.37,0.5483,0.2549,0
msme_000847,tailor,0.7685,0.8308,0.5102,0.6329,0.7981,32,60111.61,5.77,0,8188.78,0.2815,0.2064,0
msme_000848,kirana,0.7966,0.6955,0.4342,0.8605,0.9992,23,55612.17,15.16,1,28756.25,0.1094,0.2517,0
msme_000849,tailor,0.9174,0.8064,0.443,0.7122,0.8553,32,48222.85,1.48,2,38648.44,0.341,0.4391,0
msme_000850,tailor,0.7456,0.8478,0.7872,0.8174,0.9243,30,3634.77,2.17,1,418.07,0.1544,0.3533,0
msme_000851,kirana,0.8336,0.8728,0.747,0.7735,0.5139,27,43446.34,4.57,1,1036.49,0.2304,0.1628,0
msme_000852,mechanic,0.9481,0.8505,0.6596,0.6915,0.8493,31,82157.52,15.18,1,20853.08,0.3048,0.3231,0
msme_000853,salon,0.8771,0.894,0.5833,0.6929,0.8068,36,86337.33,3.74,0,21239.67,0.0362,0.311,0
msme_000854,salon,0.661,0.8654,0.7076,0.8157,0.919,27,39344.78,16.03,0,0.0,0.039,0.1871,0
msme_000855,pharmacy,0.967,0.8052,0.641,0.5757,0.8117,34,77838.18,2.18,1,35939.41,0.1906,0.2604,0
msme_000856,kirana,0.6032,0.7678,0.3178,0.5411,0.9075,28,1000.0,0.98,1,12868.61,0.2765,0.5221,0
msme_000857,mechanic,0.7602,0.7226,0.558,0.6093,0.987,40,41280.53,4.09,0,39324.51,0.198,0.183,0
msme_000858,kirana,0.8715,0.7627,0.6365,0.7226,0.9596,39,128501.78,7.62,1,6517.23,0.1568,0.1372,0
msme_000859,kirana,0.8824,0.6189,0.6977,0.741,0.9844,21,52171.21,5.78,3,18135.82,0.1116,0.0976,0
msme_000860,restaurant,0.938,0.5969,0.6998,0.7591,0.9677,29,79209.41,1.97,0,29483.31,0.1241,0.5818,0
msme_000861,kirana,0.5894,0.7776,0.6118,0.8725,0.9974,26,68298.91,5.52,3,13152.93,0.1857,0.1897,0
msme_000862,restaurant,0.7361,0.6928,0.7735,0.6274,0.9838,37,104714.53,5.78,2,46787.76,0.284,0.5107,0
msme_000863,tailor,0.9114,0.9404,0.5269,0.8015,0.7737,33,48357.99,0.4,2,38111.69,0.2915,0.1001,0
msme_000864,salon,0.7582,0.6437,0.743,0.6796,0.9569,28,58577.77,1.25,0,32175.25,0.1808,0.7724,0
msme_000865,restaurant,0.7334,0.409,0.5497,0.4203,0.8531,23,43858.67,7.28,3,15044.54,0.1931,0.1297,0
msme_000866,restaurant,0.6272,0.6317,0.5246,0.7436,0.8946,27,32789.54,3.37,1,14085.18,0.1388,0.1185,0
msme_000867,restaurant,0.8857,0.699,0.742,0.7646,0.9386,31,27466.2,1.93,2,9979.34,0.2785,0.0632,0
msme_000868,tailor,0.8968,0.6607,0.5089,0.9205,0.9033,31,94333.66,0.1,1,10834.06,0.4839,0.1972,0
msme_000869,kirana,0.9587,0.9532,0.4594,0.7895,0.9394,32,47017.74,5.21,1,0.0,0.6816,0.1984,0
msme_000870,pharmacy,0.475,0.7945,0.3879,0.6196,0.9099,32,79470.47,1.37,1,46119.08,0.1615,0.451,0
msme_000871,tailor,0.8572,0.6472,0.3497,0.779,0.985,23,66309.33,0.56,0,27156.85,0.195,0.1885,0
msme_000872,tailor,0.5427,0.7912,0.5733,0.8641,0.878,31,22855.84,0.33,1,37887.8,0.052,0.2485,0
msme_000873,mechanic,0.868,0.8514,0.7659,0.3825,0.931,33,12873.61,1.4,1,1733.12,0.0968,0.3817,0
msme_000874,salon,0.8961,0.5289,0.7091,0.509,0.9161,26,30563.81,3.89,1,38552.89,0.1049,0.27,0
msme_000875,salon,0.5918,0.8096,0.6581,0.9142,0.9957,21,39784.5,0.17,2,29297.51,0.0847,0.2328,0
msme_000876,kirana,0.9025,0.4351,0.41,0.605,0.9698,17,10324.93,4.5,1,48860.57,0.3986,0.0595,0
msme_000877,tailor,0.7301,0.6248,0.8413,0.7017,0.7921,24,40451.09,8.87,0,31262.15,0.2608,0.2611,0
msme_000878,kirana,0.6636,0.7281,0.6969,0.4772,0.9391,32,24807.26,6.23,2,14586.22,0.0887,0.1578,0
msme_000879,mechanic,0.8397,0.7881,0.4806,0.8807,0.8222,34,29787.2,7.07,2,36988.87,0.2259,0.1414,0
msme_000880,mechanic,0.9115,0.5542,0.5841,0.7338,0.8146,23,46641.01,1.66,0,7704.37,0.1061,0.3567,0
msme_000881,pharmacy,0.8358,0.7145,0.7596,0.8121,0.9893,30,87037.11,0.15,2,20497.06,0.4568,0.1298,0
msme_000882,pharmacy,0.7383,0.8979,0.7657,0.6556,0.8921,41,80598.01,1.03,2,14227.99,0.1067,0.0741,0
msme_000883,tailor,0.8468,0.9089,0.5221,0.7166,0.8856,28,16890.54,0.92,1,18380.01,0.0312,0.262,0
msme_000884,pharmacy,0.9175,0.7914,0.6825,0.8218,0.9572,30,53608.43,0.85,3,19874.03,0.1245,0.1863,0
msme_000885,salon,0.8415,0.875,0.6312,0.5203,0.9669,23,65190.51,3.02,1,11439.52,0.2375,0.5603,0
msme_000886,kirana,0.9027,0.6885,0.5653,0.8135,0.9327,28,1000.0,0.31,0,11194.15,0.0417,0.2924,0
msme_000887,kirana,0.7323,0.7116,0.4706,0.8992,0.8354,30,75898.65,3.42,2,13232.22,0.3617,0.3362,0
msme_000888,tailor,0.9423,0.451,0.6117,0.7495,0.9272,29,54412.64,4.01,1,17617.28,0.0382,0.2132,0
msme_000889,mechanic,0.9555,0.7449,0.566,0.6916,0.9623,25,64653.79,4.3,0,36716.59,0.0728,0.3821,0
msme_000890,mechanic,0.7212,0.6518,0.5074,0.7359,0.9358,35,59733.68,4.24,0,4209.81,0.101,0.6095,0
msme_000891,mechanic,0.7287,0.6224,0.089,0.4253,0.9203,28,102687.67,4.98,1,5161.83,0.141,0.437,0
msme_000892,restaurant,0.8417,0.6793,0.3481,0.7394,0.9708,37,12993.31,2.09,1,19916.95,0.0105,0.2268,0
msme_000893,restaurant,0.8767,0.7521,0.5989,0.7595,0.8279,36,63167.35,2.69,1,40925.5,0.3174,0.3166,0
msme_000894,pharmacy,0.9548,0.7735,0.7598,0.445,0.8665,35,1000.0,1.66,3,15395.22,0.169,0.207,0
msme_000895,mechanic,0.8983,0.7987,0.6076,0.5156,0.8527,27,61887.11,5.74,0,20049.91,0.0271,0.4448,0
msme_000896,pharmacy,0.9611,0.9173,0.4989,0.6434,0.9223,19,61930.28,17.51,2,9964.19,0.3497,0.4056,0
msme_000897,kirana,0.6491,0.8491,0.4776,0.8061,0.9055,30,22990.49,0.1,0,0.0,0.0667,0.26,0
msme_000898,restaurant,0.8924,0.6252,0.615,0.707,0.9606,29,71909.28,2.41,1,26005.73,0.0614,0.4722,0
msme_000899,salon,0.7522,0.741,0.764,0.5477,0.9155,30,59572.05,7.39,1,11029.03,0.294,0.1139,0
msme_000900,restaurant,0.9511,0.4462,0.4002,0.3736,0.9104,30,52248.6,0.1,0,12713.7,0.2872,0.0804,0
msme_000901,kirana,0.9092,0.8287,0.6122,0.7099,0.9094,30,57073.57,4.19,0,7394.1,0.256,0.112,0
msme_000902,salon,0.8353,0.8823,0.6928,0.8957,0.937,25,17647.11,0.94,3,43248.08,0.1143,0.277,0
msme_000903,pharmacy,0.7609,0.4094,0.2604,0.7321,0.986,32,59930.21,4.95,2,22815.0,0.2072,0.3771,0
msme_000904,kirana,0.7238,0.6622,0.7352,0.6423,0.9701,28,68170.6,0.45,0,41516.68,0.4116,0.2694,0
msme_000905,restaurant,0.9384,0.6869,0.5254,0.7209,0.9712,28,32362.69,0.92,1,0.0,0.225,0.0458,0
msme_000906,pharmacy,0.7072,0.8164,0.8413,0.4761,0.9782,23,68736.51,5.34,0,47715.04,0.1261,0.2328,0
msme_000907,kirana,0.915,0.7749,0.7577,0.4559,0.9818,24,70764.28,1.72,2,46581.39,0.0532,0.0937,0
msme_000908,restaurant,0.7516,0.6287,0.6133,0.6329,0.8327,30,91559.17,0.76,0,0.0,0.071,0.2861,0
msme_000909,mechanic,0.888,0.7666,0.2247,0.6832,0.9915,31,62835.9,16.48,0,6327.9,0.2272,0.2644,0
msme_000910,kirana,0.8033,0.7995,0.7657,0.571,0.7589,25,11982.59,1.65,2,28248.39,0.1654,0.1663,0
msme_000911,salon,0.7572,0.8307,0.3774,0.8323,0.9863,32,39109.46,0.68,1,42712.17,0.1527,0.4969,0
msme_000912,mechanic,0.8461,0.7812,0.4671,0.6803,0.8571,33,77524.23,2.36,0,20509.13,0.3318,0.2442,0
msme_000913,tailor,0.9639,0.6283,0.7238,0.4531,0.9876,31,24129.55,0.38,0,29205.98,0.1293,0.3976,0
msme_000914,kirana,0.8036,0.642,0.6188,0.8722,0.9682,18,10095.93,11.41,2,14546.08,0.1098,0.3277,0
msme_000915,pharmacy,0.9241,0.6698,0.5018,0.8303,0.9755,38,67917.79,2.44,0,41106.71,0.1442,0.4597,0
msme_000916,salon,0.909,0.7357,0.5306,0.9477,0.9143,32,36447.63,7.29,0,50614.21,0.2728,0.4074,0
msme_000917,mechanic,0.7935,0.6921,0.8231,0.6456,0.9451,23,5812.71,1.75,0,34113.66,0.2332,0.6273,0
msme_000918,tailor,0.9215,0.7988,0.56,0.909,0.9108,40,55066.13,2.96,0,1996.26,0.2209,0.1467,0
msme_000919,mechanic,0.6202,0.5346,0.4109,0.9113,0.8267,27,44451.87,0.96,0,18688.67,0.1505,0.3384,0
msme_000920,pharmacy,0.9443,0.4931,0.4439,0.6291,0.9928,30,57337.49,3.09,1,0.0,0.1857,0.1189,0
msme_000921,tailor,0.9238,0.8772,0.5011,0.7222,0.9722,24,81320.27,1.67,0,20105.21,0.1372,0.1676,0
msme_000922,pharmacy,0.839,0.7368,0.4401,0.8319,0.8457,33,1000.0,5.48,0,42189.57,0.0625,0.0719,0
msme_000923,restaurant,0.9027,0.8529,0.7821,0.8119,0.9204,24,22856.44,0.1,0,12089.7,0.1385,0.0944,0
msme_000924,kirana,0.5137,0.5759,0.6563,0.7467,0.9648,43,39053.85,0.69,0,29275.65,0.239,0.2648,0
msme_000925,mechanic,0.9221,0.653,0.5388,0.4157,0.7936,31,52363.77,0.1,1,30489.65,0.0503,0.6762,0
msme_000926,restaurant,0.8513,0.8369,0.4815,0.6841,0.8896,23,26048.68,3.8,1,14281.24,0.1218,0.7817,0
msme_000927,salon,0.6114,0.6654,0.3148,0.8917,0.9874,31,73875.34,1.55,1,28320.37,0.1195,0.1455,0
msme_000928,mechanic,0.8439,0.76,0.6948,0.3828,0.868,27,38346.12,6.58,5,29953.8,0.0863,0.2163,0
msme_000929,restaurant,0.7105,0.7509,0.7472,0.683,0.8822,25,12226.36,3.4,0,21142.0,0.1244,0.3086,0
msme_000930,restaurant,0.7421,0.6734,0.6413,0.536,0.9571,33,73823.63,5.89,0,1494.93,0.1837,0.2835,0
msme_000931,mechanic,0.8383,0.7097,0.6955,0.6922,0.9696,34,58405.83,3.19,2,21496.43,0.1706,0.5228,0
msme_000932,kirana,0.6774,0.6366,0.7793,0.6748,0.9717,37,21593.25,16.5,1,22784.09,0.1449,0.1036,0
msme_000933,tailor,0.8628,0.7111,0.5758,0.5817,0.9162,40,80039.07,0.61,2,29028.47,0.4163,0.4388,0
msme_000934,pharmacy,0.8204,0.8415,0.3987,0.709,0.9443,34,53215.23,3.83,2,41217.27,0.1544,0.1205,0
msme_000935,salon,0.8086,0.8818,0.4763,0.8198,0.9659,38,68038.16,9.67,0,21208.56,0.1483,0.293,0
msme_000936,pharmacy,0.9138,0.9651,0.4489,0.7831,0.9618,32,49351.39,4.72,2,40681.5,0.1833,0.3035,0
msme_000937,salon,0.3866,0.7673,0.793,0.7863,0.9372,24,49925.74,2.44,2,57784.25,0.1781,0.3599,0
msme_000938,kirana,0.8411,0.6186,0.3817,0.661,0.9768,39,70528.06,10.88,1,22370.71,0.1838,0.0844,0
msme_000939,pharmacy,0.8521,0.7794,0.6926,0.7403,0.879,31,49069.65,0.58,0,13040.12,0.1925,0.3786,0
msme_000940,restaurant,0.7702,0.8199,0.4058,0.8144,0.9766,30,60492.73,2.46,0,26268.02,0.1585,0.3079,0
msme_000941,pharmacy,0.5152,0.5922,0.5756,0.9033,0.9265,23,22406.86,2.63,1,30358.15,0.1935,0.2759,0
msme_000942,salon,0.7876,0.8868,0.6256,0.5588,0.8594,34,9748.94,3.57,1,19126.91,0.1042,0.5887,0
msme_000943,mechanic,0.8812,0.6866,0.6468,0.3812,0.9773,20,87643.72,0.1,1,26449.61,0.4005,0.1787,0
msme_000944,pharmacy,0.8402,0.8902,0.4859,0.5238,0.8544,27,44927.89,3.89,1,27305.4,0.2344,0.2599,0
msme_000945,salon,0.9859,0.907,0.7933,0.8018,0.5062,28,21559.32,2.48,0,0.0,0.1384,0.4691,0
msme_000946,salon,0.5807,0.6568,0.4918,0.8428,0.9781,29,26785.78,0.92,1,32993.98,0.2555,0.261,0
msme_000947,tailor,0.8197,0.8118,0.8131,0.6104,0.8892,24,59522.72,6.68,2,30584.84,0.179,0.169,0
msme_000948,tailor,0.9104,0.6698,0.6808,0.5435,0.9625,38,59642.23,8.47,2,27265.28,0.1273,0.4786,0
msme_000949,kirana,0.7833,0.5674,0.7777,0.5158,0.9901,33,24982.75,1.34,0,44242.66,0.3072,0.5079,0
msme_000950,salon,0.8876,0.6401,0.4863,0.738,0.9522,32,23371.83,4.91,0,38872.75,0.1525,0.3001,0
msme_000951,tailor,0.9713,0.7569,0.7222,0.5336,0.7829,26,27127.33,0.77,1,18356.89,0.1125,0.2538,0
msme_000952,restaurant,0.9439,0.5554,0.6496,0.4794,0.9769,22,62232.2,10.65,1,0.0,0.2402,0.2343,0
msme_000953,salon,0.6383,0.7146,0.5186,0.6409,0.9823,24,35410.23,15.65,4,12414.28,0.4211,0.2338,0
msme_000954,kirana,0.9063,0.9334,0.5628,0.7652,0.7631,26,10898.0,8.0,1,19954.36,0.2314,0.2366,0
msme_000955,restaurant,0.8317,0.7023,0.688,0.4601,0.9139,25,98768.37,1.79,0,19509.04,0.1151,0.1705,0
msme_000956,mechanic,0.8835,0.5929,0.3166,0.7381,0.8195,32,82557.67,0.46,2,32691.07,0.1524,0.2921,0
msme_000957,mechanic,0.9627,0.6969,0.6204,0.5967,0.9528,25,25866.89,10.58,0,35834.51,0.1269,0.2336,0
msme_000958,kirana,0.7295,0.516,0.4813,0.3357,0.9788,28,8994.61,21.98,0,18833.89,0.0413,0.1853,0
msme_000959,tailor,0.8021,0.6354,0.5144,0.6036,0.885,24,72552.93,3.23,2,5544.95,0.23,0.1535,0
msme_000960,salon,0.6355,0.8303,0.6442,0.5428,0.9831,21,40916.15,5.04,2,0.0,0.0552,0.1523,0
msme_000961,restaurant,0.835,0.846,0.6425,0.9337,0.933,28,39928.15,8.14,0,0.0,0.1981,0.4398,0
msme_000962,salon,0.7219,0.558,0.6738,0.8864,0.975,28,22192.67,2.67,1,2228.03,0.0417,0.317,0
msme_000963,salon,0.7663,0.6397,0.3019,0.6704,0.9109,28,60801.84,0.67,2,16555.39,0.4278,0.1828,0
msme_000964,kirana,0.808,0.3355,0.4458,0.8874,0.7792,36,50918.63,2.14,1,47157.89,0.3782,0.2513,0
msme_000965,restaurant,0.7448,0.7002,0.4281,0.5831,0.828,39,76121.97,3.44,0,9737.35,0.1046,0.3064,0
msme_000966,mechanic,0.8049,0.8081,0.4542,0.7385,0.9205,37,21440.45,2.26,2,24667.8,0.3834,0.5207,0
msme_000967,salon,0.8788,0.5482,0.5957,0.6645,0.911,34,63986.59,1.62,2,0.0,0.2801,0.1485,0
msme_000968,restaurant,0.9157,0.9361,0.5658,0.8648,0.9687,32,50269.72,4.16,1,6802.09,0.1427,0.421,0
msme_000969,restaurant,0.6402,0.6542,0.6111,0.3838,0.9541,35,24939.33,13.39,4,19595.65,0.2314,0.3513,0
msme_000970,restaurant,0.8589,0.9017,0.6482,0.9352,0.9575,18,78059.75,16.34,1,27430.22,0.1188,0.0846,0
msme_000971,pharmacy,0.73,0.64,0.6422,0.8186,0.9471,23,62693.11,19.91,0,28904.59,0.3035,0.4293,0
msme_000972,restaurant,0.872,0.5882,0.5539,0.9191,0.8266,23,79548.85,11.17,0,16064.05,0.1153,0.2967,0
msme_000973,pharmacy,0.5514,0.9176,0.5137,0.6866,0.7888,21,75502.31,5.28,1,46157.48,0.3301,0.5383,0
msme_000974,kirana,0.7241,0.778,0.8421,0.7673,0.8156,30,40051.92,0.14,1,16748.18,0.0817,0.2384,0
msme_000975,pharmacy,0.7385,0.7139,0.6992,0.6469,0.858,25,13261.37,9.34,3,20313.31,0.1062,0.3975,0
msme_000976,tailor,0.8771,0.5238,0.8395,0.6209,0.6952,32,5024.27,8.1,1,0.0,0.0828,0.4254,0
msme_000977,tailor,0.9258,0.9102,0.7144,0.4588,0.9346,46,49167.65,0.1,0,39296.46,0.0514,0.2685,0
msme_000978,restaurant,0.8833,0.7022,0.5034,0.7605,0.9465,29,32549.14,6.35,1,43848.79,0.1167,0.0538,0
msme_000979,mechanic,0.6577,0.9335,0.4299,0.6298,0.9399,26,78380.79,1.65,2,24937.43,0.1561,0.2097,0
msme_000980,tailor,0.7808,0.6119,0.8448,0.9525,0.9879,22,5619.46,0.1,0,9924.57,0.2573,0.2677,0
msme_000981,salon,0.8959,0.7956,0.5666,0.6401,0.9984,31,85122.0,0.77,2,15367.94,0.3692,0.1685,0
msme_000982,mechanic,0.8471,0.4933,0.3889,0.786,0.8966,22,27709.02,12.47,0,17608.96,0.2472,0.3009,0
msme_000983,kirana,0.715,0.9225,0.4629,0.7757,0.9496,26,90074.11,2.32,0,41669.06,0.0963,0.1142,0
msme_000984,tailor,0.7875,0.9143,0.6766,0.7095,0.8209,22,77430.82,11.13,1,23480.21,0.2005,0.413,0
msme_000985,kirana,0.6881,0.8788,0.7167,0.5739,0.9546,30,11799.75,5.4,0,47451.56,0.1492,0.3849,0
msme_000986,pharmacy,0.7286,0.8545,0.5053,0.8221,0.8079,26,18738.66,3.0,0,5182.72,0.28,0.0483,0
msme_000987,pharmacy,0.5914,0.7977,0.6647,0.7236,0.8854,22,81632.94,23.54,3,23182.54,0.0928,0.3708,0
msme_000988,tailor,0.8781,0.7286,0.3944,0.5473,0.792,39,44780.33,2.06,1,2986.21,0.1956,0.3993,0
msme_000989,salon,0.9286,0.7619,0.7309,0.7116,0.9976,31,43450.86,20.82,0,25888.84,0.068,0.17,0
msme_000990,tailor,0.8555,0.9181,0.7348,0.7282,0.8782,27,49935.7,2.68,2,33069.9,0.3889,0.0528,0
msme_000991,pharmacy,0.6425,0.5266,0.7226,0.5824,0.9851,37,76350.89,0.1,1,0.0,0.2198,0.3875,0
msme_000992,pharmacy,0.7603,0.6212,0.5466,0.6924,0.9206,26,114210.45,0.93,0,15186.57,0.0753,0.077,0
msme_000993,mechanic,0.8085,0.7801,0.5275,0.8403,0.9223,26,35192.97,0.2,2,17449.24,0.2162,0.0713,0
msme_000994,kirana,0.7712,0.7033,0.656,0.6856,0.9071,30,32754.75,0.13,1,13350.9,0.1518,0.2509,0
msme_000995,salon,0.5278,0.5358,0.4009,0.5399,0.9355,36,70727.91,12.83,1,4004.29,0.3625,0.4706,0
msme_000996,tailor,0.7583,0.8778,0.3599,0.6416,0.9175,26,49340.4,1.89,0,22798.12,0.3319,0.2117,0
msme_000997,mechanic,0.9689,0.9059,0.4325,0.6484,0.8919,30,45646.47,0.45,1,13689.02,0.0657,0.0381,0
msme_000998,mechanic,0.8203,0.7573,0.5212,0.8027,0.8647,43,27297.2,0.1,0,10892.19,0.1685,0.3037,0
msme_000999,restaurant,0.8823,0.6994,0.7027,0.5028,0.9566,27,46180.22,7.47,1,16457.33,0.3169,0.3407,0
msme_001000,mechanic,0.7986,0.5094,0.5942,0.4856,0.8655,29,42949.93,5.75,1,12530.04,0.1891,0.444,0
msme_001001,kirana,0.6733,0.803,0.1852,0.6346,0.7824,32,78983.24,0.9,0,18440.16,0.2258,0.2994,0
msme_001002,mechanic,0.9377,0.6062,0.6601,0.6575,0.8164,32,37759.95,2.67,1,28376.03,0.1344,0.3044,0
msme_001003,pharmacy,0.3699,0.6248,0.5606,0.6159,0.8529,20,72521.06,6.13,0,7507.71,0.1141,0.012,0
msme_001004,pharmacy,0.749,0.7612,0.3362,0.6483,0.8669,31,63001.16,2.2,1,56943.11,0.6694,0.0585,0
msme_001005,salon,0.7045,0.8365,0.4256,0.4418,0.9634,27,37635.09,5.84,0,42071.91,0.0278,0.3352,0
msme_001006,salon,0.7196,0.7494,0.6424,0.6294,0.865,18,57733.78,0.21,0,25931.36,0.1913,0.1549,0
msme_001007,pharmacy,0.902,0.5823,0.7686,0.6192,0.9612,34,23299.35,5.68,1,4801.04,0.1857,0.0288,0
msme_001008,salon,0.8241,0.8157,0.6484,0.9101,0.7574,36,59204.58,1.97,3,31368.09,0.0292,0.2338,0
msme_001009,salon,0.6678,0.8284,0.5949,0.8319,0.9752,34,45046.76,3.19,1,22657.83,0.2328,0.4001,0
msme_001010,kirana,0.8776,0.7041,0.5923,0.6979,0.9403,40,32429.23,2.64,1,31820.3,0.2637,0.437,0
msme_001011,kirana,0.8968,0.8621,0.7311,0.659,0.9938,29,59134.8,4.48,0,1890.02,0.6115,0.2485,0
msme_001012,mechanic,0.7202,0.7369,0.4502,0.5661,0.8103,30,51965.32,2.94,3,22491.36,0.106,0.3138,0
msme_001013,mechanic,0.7107,0.5716,0.6383,0.5168,0.9457,40,13978.83,10.24,0,30879.15,0.0148,0.481,0
msme_001014,tailor,0.8433,0.4887,0.7666,0.6539,0.9118,32,32046.31,0.15,0,33337.19,0.1932,0.4864,0
msme_001015,pharmacy,0.7081,0.8006,0.8115,0.8072,0.9021,30,31794.38,1.41,0,25119.55,0.1845,0.0851,0
msme_001016,kirana,0.753,0.5677,0.3587,0.5792,0.6613,30,39003.48,1.55,1,6494.8,0.1208,0.2403,0
msme_001017,restaurant,0.8128,0.5747,0.2607,0.9049,0.8967,25,92130.6,2.33,0,1428.09,0.1231,0.1997,0
msme_001018,pharmacy,0.4405,0.8235,0.6064,0.794,0.9621,34,81395.91,2.04,0,29978.89,0.1338,0.2835,0
msme_001019,tailor,0.6936,0.936,0.7015,0.7017,0.943,32,11014.91,4.79,1,36936.24,0.2093,0.4297,0
msme_001020,salon,0.7901,0.6402,0.8647,0.8279,0.7535,32,41245.68,1.43,0,0.0,0.1825,0.1564,0
msme_001021,salon,0.8053,0.6479,0.5058,0.8331,0.8551,30,61173.38,0.98,0,14663.85,0.114,0.6077,0
msme_001022,pharmacy,0.9359,0.8662,0.6138,0.7748,0.6962,28,70103.37,14.77,0,43470.2,0.3261,0.457,0
msme_001023,restaurant,0.8319,0.8011,0.371,0.8032,0.8927,43,73637.43,12.73,1,27318.54,0.2423,0.1628,0
msme_001024,salon,0.8231,0.6302,0.6113,0.731,0.9758,38,58236.18,1.1,4,17513.66,0.3228,0.1267,0
msme_001025,salon,0.6905,0.7013,0.6166,0.5971,0.9728,32,36159.99,14.13,2,15040.54,0.3303,0.5742,0
msme_001026,restaurant,0.7752,0.7562,0.2999,0.8263,0.9576,28,39005.84,4.51,1,49227.89,0.0998,0.0906,0
msme_001027,pharmacy,0.8267,0.7602,0.5027,0.8553,0.9929,33,48887.01,7.94,1,20095.89,0.1084,0.0389,0
msme_001028,mechanic,0.6024,0.8187,0.6914,0.4639,0.6675,24,23750.09,0.93,0,33628.07,0.1534,0.2273,0
msme_001029,kirana,0.6081,0.7718,0.3945,0.8013,0.948,24,37777.95,1.87,0,39850.69,0.1483,0.3414,0
msme_001030,salon,0.8423,0.5804,0.8275,0.6923,0.9437,27,39745.61,1.12,2,470.2,0.272,0.2046,0
msme_001031,restaurant,0.8601,0.813,0.4073,0.7385,0.6099,27,62920.37,3.02,1,0.0,0.1866,0.1321,0
msme_001032,restaurant,0.8789,0.6331,0.6308,0.4813,0.9632,35,41783.68,1.03,1,39844.71,0.1624,0.3595,0
msme_001033,pharmacy,0.74,0.752,0.4744,0.6163,0.8938,34,63965.46,3.62,1,9750.72,0.4022,0.4816,0
msme_001034,restaurant,0.8855,0.7773,0.3897,0.5722,0.9545,23,50758.1,5.33,1,24759.12,0.1616,0.4267,0
msme_001035,salon,0.7388,0.8048,0.7109,0.4109,0.8864,35,36761.09,1.82,2,47832.05,0.4108,0.3453,0
msme_001036,restaurant,0.6071,0.7362,0.399,0.8021,0.9984,36,21439.56,3.62,0,23969.6,0.3038,0.3128,0
msme_001037,pharmacy,0.7345,0.6424,0.6519,0.7892,0.9564,35,24552.47,6.91,3,26667.53,0.1398,0.1921,0
msme_001038,restaurant,0.8499,0.6398,0.6418,0.8593,0.8688,28,48978.69,4.57,2,37641.19,0.1611,0.1678,0
msme_001039,pharmacy,0.8998,0.6589,0.736,0.7983,0.8644,44,31158.76,0.87,2,21525.93,0.1953,0.4954,0
msme_001040,restaurant,0.7763,0.8563,0.3147,0.884,0.8951,31,63380.26,2.68,0,12119.6,0.2236,0.2777,0
msme_001041,salon,0.6475,0.6393,0.5893,0.3238,0.9284,33,48936.49,2.77,0,3223.45,0.1721,0.3531,0
msme_001042,kirana,0.8225,0.9412,0.4411,0.7208,0.9034,28,83093.64,8.19,0,28254.01,0.0749,0.1789,0
msme_001043,pharmacy,0.8948,0.5701,0.7065,0.4425,0.9483,30,52998.71,1.12,0,35634.4,0.1183,0.3055,0
msme_001044,tailor,0.8107,0.7081,0.4443,0.9282,0.8054,32,75431.03,0.52,3,0.0,0.0041,0.391,0
msme_001045,tailor,0.6628,0.725,0.6746,0.7849,0.9182,32,90155.03,1.14,0,4802.6,0.3766,0.0911,0
msme_001046,salon,0.9451,0.6148,0.4054,0.4872,0.8923,27,53310.98,11.52,3,19310.8,0.0543,0.0889,0
msme_001047,restaurant,0.869,0.5722,0.8293,0.9239,0.7792,22,65905.07,5.78,1,17383.43,0.1479,0.3531,0
msme_001048,restaurant,0.7595,0.785,0.4043,0.6558,0.9932,28,52689.12,14.64,3,11017.69,0.139,0.4246,0
msme_001049,tailor,0.6165,0.8524,0.5693,0.4178,0.9234,32,39876.3,0.23,0,7884.96,0.2259,0.2122,0
msme_001050,restaurant,0.8727,0.5632,0.235,0.9085,0.8916,29,11724.82,0.45,1,46854.64,0.3058,0.7339,0
msme_001051,pharmacy,0.7932,0.8066,0.6634,0.673,0.9564,26,1000.0,2.94,0,18756.29,0.2209,0.1972,0
msme_001052,tailor,0.879,0.6789,0.67,0.543,0.9424,36,27888.43,13.22,0,25238.37,0.1839,0.3137,0
msme_001053,salon,0.7645,0.7467,0.4981,0.5515,0.9204,36,69068.53,0.45,1,9824.51,0.0996,0.0843,0
msme_001054,mechanic,0.8524,0.7579,0.5647,0.6663,0.9841,31,75965.15,0.8,0,20410.95,0.0376,0.1503,0
msme_001055,restaurant,0.9557,0.3959,0.6704,0.8188,0.5829,31,28339.18,3.36,2,39373.02,0.1417,0.3772,0
msme_001056,restaurant,0.7891,0.4292,0.7233,0.8255,0.9853,34,44805.43,2.44,0,13601.26,0.0639,0.2758,0
msme_001057,pharmacy,0.9492,0.6281,0.6378,0.941,0.9373,25,23283.18,2.73,1,43814.31,0.4342,0.2969,0
msme_001058,tailor,0.9057,0.6085,0.4984,0.8845,0.9101,36,74251.31,0.33,2,19841.83,0.2604,0.076,0
msme_001059,mechanic,0.9533,0.647,0.828,0.6342,0.9478,36,16755.04,13.78,1,25383.19,0.0936,0.2165,0
msme_001060,mechanic,0.8831,0.8759,0.505,0.8115,0.9819,33,25155.82,0.39,1,34991.96,0.0181,0.3438,0
msme_001061,restaurant,0.9537,0.7791,0.7562,0.6812,0.7556,26,48144.87,7.3,0,17124.72,0.1175,0.2623,0
msme_001062,restaurant,0.8157,0.6214,0.4228,0.9716,0.6899,31,85028.31,1.37,2,26388.73,0.1082,0.1553,0
msme_001063,pharmacy,0.9434,0.8994,0.4535,0.684,0.7645,26,33187.19,0.36,1,22934.19,0.2059,0.0963,0
msme_001064,restaurant,0.9344,0.7629,0.6539,0.7755,0.8199,29,25534.06,0.85,1,23590.71,0.103,0.5974,0
msme_001065,kirana,0.5131,0.4449,0.5332,0.4374,0.9802,20,116240.05,1.71,1,6681.6,0.1766,0.0721,0
msme_001066,salon,0.7851,0.7799,0.4843,0.7891,0.6146,28,30057.48,7.44,0,18072.24,0.0895,0.1886,0
msme_001067,pharmacy,0.9314,0.5984,0.2615,0.7929,0.8973,34,17858.94,4.76,5,16183.12,0.2383,0.608,0
msme_001068,tailor,0.8003,0.7287,0.8794,0.8804,0.8619,43,77909.04,0.15,0,22519.38,0.1867,0.3517,0
msme_001069,mechanic,0.8059,0.7612,0.6461,0.5583,0.9919,28,77552.07,17.36,2,41732.91,0.2823,0.224,0
msme_001070,kirana,0.8713,0.912,0.4959,0.6705,0.9364,26,30879.35,15.35,0,24653.63,0.168,0.122,0
msme_001071,pharmacy,0.6095,0.4552,0.7521,0.8608,0.9926,24,54305.68,6.12,0,34872.79,0.3259,0.2786,0
msme_001072,restaurant,0.6023,0.8275,0.8066,0.7507,0.922,35,17245.34,1.61,1,31106.44,0.2452,0.5826,0
msme_001073,tailor,0.9417,0.7367,0.5736,0.4163,0.8862,30,67691.45,2.58,1,14779.96,0.3096,0.5705,0
msme_001074,mechanic,0.9364,0.5748,0.5779,0.8994,0.83,31,67881.54,5.55,1,22230.97,0.2457,0.5424,0
msme_001075,restaurant,0.6679,0.8725,0.5101,0.8675,0.9323,27,84270.04,2.18,0,38264.66,0.3718,0.1823,0
msme_001076,kirana,0.8322,0.7224,0.4526,0.8907,0.6369,33,26357.03,0.99,2,15355.78,0.041,0.3297,0
msme_001077,salon,0.7041,0.4626,0.8589,0.6365,0.634,26,30967.6,1.49,1,6949.68,0.1121,0.1093,0
msme_001078,kirana,0.5871,0.7408,0.4407,0.898,0.8548,34,65916.75,5.12,1,6922.98,0.1507,0.0623,0
msme_001079,salon,0.9173,0.7071,0.5918,0.7791,0.9805,25,59910.66,5.56,0,26743.92,0.1923,0.3222,0
msme_001080,tailor,0.8152,0.9453,0.7241,0.5651,0.8965,35,27732.12,16.19,1,2326.72,0.2466,0.3956,0
msme_001081,pharmacy,0.7059,0.8863,0.8281,0.6365,0.7959,21,7574.96,14.57,4,14654.81,0.0898,0.165,0
msme_001082,pharmacy,0.6283,0.6377,0.4573,0.6979,0.3907,38,79916.66,6.88,2,28282.04,0.0779,0.1329,0
msme_001083,tailor,0.9541,0.5242,0.4257,0.4518,0.8318,25,52726.76,3.44,1,8660.73,0.1887,0.1277,1
msme_001084,salon,0.7006,0.8647,0.7401,0.8661,0.53,34,54177.8,6.42,1,14346.27,0.1183,0.2939,0
msme_001085,tailor,0.5596,0.541,0.4328,0.8002,0.9168,28,75408.92,1.15,3,46933.56,0.0823,0.1309,0
msme_001086,pharmacy,0.7869,0.7037,0.4438,0.7908,0.9934,35,75187.81,10.99,0,42953.39,0.2414,0.1331,0
msme_001087,tailor,0.9451,0.6172,0.5009,0.6755,0.9774,23,89355.25,3.95,1,33433.93,0.2106,0.5683,0
msme_001088,mechanic,0.826,0.5872,0.6837,0.5643,0.9825,24,30477.16,15.39,1,9081.46,0.1268,0.4483,0
msme_001089,restaurant,0.9171,0.8384,0.5329,0.7445,0.8687,25,67454.25,9.48,1,33801.57,0.1724,0.5729,0
msme_001090,kirana,0.6483,0.5368,0.7648,0.477,0.9657,30,41608.08,24.8,2,29924.58,0.1941,0.2264,0
msme_001091,tailor,0.88,0.6271,0.4522,0.8038,0.9859,25,5938.18,5.81,2,27652.31,0.0721,0.395,0
msme_001092,restaurant,0.8014,0.6463,0.8084,0.416,0.838,18,54003.06,1.25,2,22891.76,0.0913,0.0406,0
msme_001093,kirana,0.8926,0.5301,0.7526,0.6623,0.8831,32,79722.93,12.58,0,18582.27,0.2185,0.2824,0
msme_001094,tailor,0.9305,0.777,0.5024,0.5634,0.9079,35,93608.85,0.55,1,40628.53,0.2071,0.1844,0
msme_001095,tailor,0.7608,0.8415,0.7143,0.4161,0.7933,34,33981.1,1.84,2,75917.5,0.1714,0.3831,0
msme_001096,kirana,0.9653,0.7604,0.4187,0.7926,0.866,28,29927.29,10.75,0,26403.03,0.5245,0.5045,0
msme_001097,pharmacy,0.8835,0.7039,0.596,0.5391,0.9476,23,49813.11,12.52,1,3004.24,0.2613,0.437,0
msme_001098,tailor,0.8832,0.8213,0.5715,0.7093,0.9847,40,15473.56,8.77,0,29789.88,0.2569,0.5425,0
msme_001099,mechanic,0.818,0.7943,0.6385,0.8283,0.6853,33,43366.14,3.02,3,15528.6,0.1595,0.1251,0
msme_001100,kirana,0.9353,0.9132,0.7261,0.6046,0.9214,26,34667.58,0.58,3,7372.17,0.0812,0.3116,0
msme_001101,salon,0.8175,0.5326,0.6815,0.8475,0.8257,41,28088.4,3.42,2,32528.59,0.1775,0.1857,0
msme_001102,mechanic,0.4477,0.6807,0.5793,0.6292,0.8895,30,47643.34,4.13,4,28094.18,0.1061,0.3096,0
msme_001103,restaurant,0.6911,0.7356,0.727,0.5419,0.9888,38,92003.32,5.12,1,28780.36,0.1476,0.2636,0
msme_001104,pharmacy,0.9577,0.7251,0.1198,0.7487,0.9584,25,31171.43,0.67,0,4740.58,0.0594,0.45,0
msme_001105,tailor,0.6849,0.7667,0.4952,0.9475,0.9879,22,35935.23,12.2,0,18938.29,0.0938,0.0885,0
msme_001106,pharmacy,0.9158,0.5524,0.4818,0.8975,0.9913,32,64343.55,6.11,0,6663.38,0.3428,0.1443,0
msme_001107,kirana,0.8292,0.7445,0.6261,0.3212,0.7778,30,78378.69,2.29,1,20774.57,0.1974,0.2305,0
msme_001108,restaurant,0.7152,0.4977,0.234,0.6608,0.7785,35,85975.7,2.87,3,6947.88,0.0828,0.3894,0
msme_001109,mechanic,0.9081,0.4109,0.6962,0.7749,0.8049,32,29698.89,12.73,1,14503.64,0.1823,0.1441,0
msme_001110,kirana,0.9201,0.3736,0.554,0.542,0.9911,27,22777.07,1.9,0,2116.99,0.1867,0.1047,0
msme_001111,mechanic,0.8735,0.5668,0.3969,0.8075,0.9733,44,69218.42,1.81,1,37069.5,0.2328,0.6252,0
msme_001112,tailor,0.7148,0.4937,0.7269,0.5745,0.7422,32,4791.7,4.4,1,3351.96,0.0409,0.1702,0
msme_001113,restaurant,0.7333,0.7937,0.7591,0.7327,0.9702,30,62512.28,2.44,1,28788.37,0.1387,0.3152,0
msme_001114,pharmacy,0.7605,0.5932,0.5918,0.6018,0.991,23,26460.01,3.5,0,32459.19,0.2391,0.1025,0
msme_001115,kirana,0.8419,0.7877,0.8064,0.4705,0.8708,39,26454.23,0.13,4,33870.8,0.2946,0.3543,0
msme_001116,kirana,0.9075,0.4435,0.5179,0.729,0.967,30,28519.52,1.62,1,0.0,0.1769,0.2542,0
msme_001117,tailor,0.721,0.517,0.7207,0.8219,0.8946,34,61048.7,0.49,3,11499.37,0.1081,0.1281,0
msme_001118,tailor,0.8409,0.5222,0.5502,0.8186,0.9602,37,22192.55,2.62,1,25552.63,0.263,0.4375,1
msme_001119,pharmacy,0.8992,0.774,0.6494,0.7211,0.9335,28,85858.83,16.17,1,40048.22,0.2896,0.271,0
msme_001120,mechanic,0.9556,0.6308,0.6922,0.847,0.8855,23,28846.79,3.08,1,24049.46,0.3233,0.1966,0
msme_001121,mechanic,0.8654,0.577,0.8066,0.7993,0.994,34,33858.94,3.25,3,35074.33,0.2257,0.2642,0
msme_001122,salon,0.8306,0.7982,0.1722,0.733,0.9345,30,71930.54,2.29,1,14342.54,0.3813,0.3077,0
msme_001123,restaurant,0.6798,0.7747,0.8111,0.7066,0.9049,24,20440.58,5.41,2,39736.24,0.3301,0.2242,0
msme_001124,tailor,0.6361,0.7679,0.2919,0.6502,0.9479,28,41242.04,1.49,2,3777.94,0.3201,0.5279,0
msme_001125,kirana,0.8788,0.8829,0.7504,0.7285,0.955,28,53609.53,7.81,1,32216.36,0.0808,0.4639,0
msme_001126,tailor,0.7969,0.7577,0.5813,0.7401,0.9489,33,43864.71,1.54,0,24298.29,0.2383,0.2012,0
msme_001127,salon,0.4924,0.8449,0.5899,0.4452,0.9502,35,57735.26,0.18,0,13653.89,0.2063,0.1547,0
msme_001128,restaurant,0.4436,0.409,0.7146,0.7579,0.9779,27,58453.31,1.68,0,0.0,0.0756,0.4565,0
msme_001129,restaurant,0.8684,0.5012,0.5609,0.7472,0.4072,35,31024.96,21.63,0,7574.31,0.1596,0.3615,0
msme_001130,mechanic,0.9675,0.7626,0.3914,0.8199,0.8269,30,72219.46,6.75,0,19240.82,0.0558,0.5565,0
msme_001131,tailor,0.8372,0.7991,0.3919,0.6137,0.9353,28,38497.98,0.63,0,41247.73,0.2615,0.4445,0
msme_001132,tailor,0.7745,0.8931,0.785,0.4442,0.9431,27,66969.95,0.35,0,0.0,0.1624,0.4039,0
msme_001133,pharmacy,0.8459,0.463,0.2558,0.7364,0.9327,39,49950.38,0.67,0,22265.54,0.3905,0.483,0
msme_001134,salon,0.8115,0.9232,0.8275,0.663,0.6435,32,30386.36,0.54,0,24040.79,0.1273,0.0888,0
msme_001135,restaurant,0.9492,0.7047,0.6556,0.8872,0.7666,29,7531.97,13.77,2,16984.76,0.0663,0.1896,0
msme_001136,pharmacy,0.75,0.7889,0.5674,0.722,0.8581,34,51309.5,3.09,3,25857.67,0.5793,0.2252,0
msme_001137,restaurant,0.8537,0.9572,0.6666,0.4314,0.9939,32,73549.3,7.2,1,23036.27,0.1056,0.1148,0
msme_001138,tailor,0.8554,0.448,0.5006,0.8834,0.9861,27,52711.26,2.46,1,3771.44,0.143,0.1691,0
msme_001139,salon,0.8455,0.4799,0.3728,0.4027,0.9924,40,51597.67,3.74,0,38899.34,0.1964,0.1628,0
msme_001140,kirana,0.6077,0.7645,0.7605,0.8977,0.9228,30,50925.18,0.55,0,8672.95,0.1394,0.2341,0
msme_001141,salon,0.6062,0.4516,0.5109,0.8145,0.853,32,99833.56,13.79,2,36977.41,0.1614,0.5852,0
msme_001142,kirana,0.7938,0.6893,0.8293,0.689,0.9857,27,51311.07,6.44,0,21300.84,0.4368,0.0476,0
msme_001143,kirana,0.885,0.6703,0.7007,0.7038,0.7135,27,63885.57,4.82,2,28270.4,0.1184,0.2766,0
msme_001144,salon,0.8045,0.862,0.59,0.8806,0.8893,33,78133.17,1.19,1,9842.82,0.2553,0.0138,0
msme_001145,tailor,0.6685,0.7809,0.5657,0.7589,0.9965,29,93952.71,0.2,2,26884.34,0.0127,0.2557,0
msme_001146,tailor,0.7774,0.7103,0.7684,0.8421,0.7466,20,60812.84,1.6,1,28622.79,0.3149,0.0438,0
msme_001147,salon,0.6787,0.8895,0.7577,0.8336,0.9755,23,31209.51,5.04,1,4718.29,0.4009,0.2829,0
msme_001148,restaurant,0.8669,0.6202,0.7162,0.5893,0.9394,34,11085.54,0.74,0,31087.25,0.1479,0.0992,0
msme_001149,salon,0.9869,0.6302,0.2011,0.5439,0.8888,25,38479.72,10.83,1,41283.31,0.1304,0.3278,0
msme_001150,salon,0.7307,0.8297,0.5733,0.7075,0.8122,34,30285.17,5.37,1,21885.74,0.2783,0.3207,0
msme_001151,kirana,0.9444,0.5907,0.5829,0.6883,0.9862,25,43621.98,2.07,3,31398.74,0.2259,0.0683,0
msme_001152,salon,0.8907,0.5074,0.7235,0.835,0.951,25,67200.44,2.8,2,29770.5,0.4681,0.4738,0
msme_001153,salon,0.7454,0.7261,0.5799,0.9712,0.8491,37,69348.41,8.24,3,8718.05,0.3009,0.3929,0
msme_001154,pharmacy,0.898,0.5494,0.4646,0.769,0.9617,37,66843.52,10.63,0,50226.25,0.243,0.446,0
msme_001155,mechanic,0.8472,0.7234,0.5943,0.8863,0.9756,26,54615.96,10.06,1,7759.19,0.0881,0.0816,0
msme_001156,pharmacy,0.6767,0.7361,0.7525,0.5424,0.9923,28,1878.62,3.07,1,0.0,0.1148,0.1427,0
msme_001157,kirana,0.8918,0.6891,0.5439,0.4159,0.9147,21,64651.38,5.07,0,20784.19,0.1083,0.321,0
msme_001158,salon,0.9279,0.8145,0.5895,0.6032,0.9043,35,14729.86,12.62,3,7821.63,0.0823,0.4346,0
msme_001159,pharmacy,0.8393,0.6603,0.5711,0.8164,0.9657,27,8888.12,8.5,0,16188.91,0.13,0.1514,0
msme_001160,kirana,0.6242,0.9513,0.5151,0.6301,0.9494,28,10791.84,1.63,0,7368.05,0.2271,0.1524,0
msme_001161,kirana,0.819,0.6969,0.5213,0.4133,0.9332,27,60404.3,2.23,0,49933.8,0.2618,0.4101,0
msme_001162,kirana,0.8414,0.7874,0.7935,0.826,0.9516,32,69695.06,0.7,0,8631.08,0.0651,0.192,0
msme_001163,pharmacy,0.9008,0.5611,0.4425,0.616,0.9566,27,37810.12,8.38,1,13315.85,0.1654,0.477,0
msme_001164,pharmacy,0.7388,0.9369,0.4191,0.9204,0.9735,25,56731.93,1.25,1,15228.95,0.1961,0.3982,0
msme_001165,tailor,0.9026,0.9013,0.4681,0.6849,0.9717,22,38256.88,7.38,4,16881.03,0.3914,0.1258,0
msme_001166,restaurant,0.9306,0.7316,0.7467,0.7844,0.9317,27,18317.09,7.61,2,26730.95,0.3248,0.2198,0
msme_001167,pharmacy,0.5602,0.7656,0.7866,0.8103,0.9009,38,67940.38,13.75,2,18939.85,0.3012,0.3876,0
msme_001168,pharmacy,0.7217,0.8405,0.4658,0.589,0.9555,45,73736.07,4.66,0,70060.73,0.145,0.1925,0
msme_001169,pharmacy,0.8341,0.8293,0.3254,0.6448,0.9111,26,57438.51,7.01,2,0.0,0.1558,0.0911,0
msme_001170,restaurant,0.785,0.7259,0.7319,0.528,0.9567,29,39693.03,1.8,1,46307.03,0.2361,0.1535,0
msme_001171,salon,0.8088,0.5405,0.8409,0.7882,0.9464,40,74832.28,20.53,2,37394.26,0.1847,0.487,0
msme_001172,mechanic,0.6179,0.4747,0.809,0.9275,0.9988,33,82915.7,0.45,1,39569.85,0.3009,0.1983,0
msme_001173,salon,0.8253,0.4208,0.4384,0.7765,0.8722,28,45904.23,12.39,2,33511.52,0.3709,0.1166,0
msme_001174,tailor,0.9661,0.5025,0.526,0.8046,0.98,21,17748.05,1.83,1,28522.15,0.0901,0.7391,0
msme_001175,tailor,0.8654,0.4831,0.6392,0.5358,0.865,33,61693.55,1.33,0,10345.07,0.2826,0.2283,0
msme_001176,kirana,0.8041,0.7128,0.5838,0.7176,0.7416,23,76646.96,14.27,0,21283.98,0.1349,0.1199,0
msme_001177,pharmacy,0.734,0.6879,0.8828,0.6931,0.8926,28,52022.1,0.49,1,32949.01,0.1788,0.0644,0
msme_001178,salon,0.6871,0.6388,0.5221,0.8466,0.8546,25,67154.31,1.85,0,25379.3,0.0647,0.5049,0
msme_001179,pharmacy,0.6614,0.5539,0.4203,0.765,0.9051,35,70829.0,4.0,1,35957.2,0.0928,0.2322,0
msme_001180,tailor,0.913,0.939,0.7259,0.8724,0.9274,32,26713.41,12.93,1,13019.23,0.1316,0.1592,0
msme_001181,tailor,0.822,0.7304,0.6562,0.8032,0.9793,30,59543.1,11.23,2,0.0,0.2646,0.2981,0
msme_001182,restaurant,0.9563,0.6422,0.5499,0.7025,0.9327,27,61715.47,1.17,2,21595.45,0.209,0.0594,0
msme_001183,kirana,0.7558,0.6632,0.3709,0.7311,0.9741,31,64164.89,8.18,3,17591.27,0.2774,0.19,0
msme_001184,pharmacy,0.9244,0.7967,0.6009,0.7319,0.9931,29,60414.85,6.97,1,16432.04,0.4011,0.1181,0
msme_001185,kirana,0.9108,0.6118,0.2531,0.6737,0.9864,34,44592.01,11.69,1,8977.75,0.0578,0.2572,0
msme_001186,kirana,0.7005,0.8365,0.6787,0.6721,0.9542,18,1000.0,1.08,2,874.11,0.1296,0.5853,0
msme_001187,kirana,0.778,0.8621,0.4719,0.8659,0.9939,31,36842.64,5.17,0,35934.79,0.0283,0.1524,0
msme_001188,restaurant,0.5159,0.6408,0.3345,0.8314,0.8792,33,36664.12,2.01,1,53815.74,0.1687,0.5654,0
msme_001189,kirana,0.4856,0.585,0.4633,0.5095,0.9424,25,48769.36,1.5,0,0.0,0.1077,0.2385,0
msme_001190,kirana,0.9303,0.8333,0.7313,0.682,0.938,23,32508.35,2.65,0,17945.24,0.0463,0.2384,0
msme_001191,tailor,0.6828,0.5894,0.5256,0.6114,0.9776,29,30273.31,7.95,1,35092.43,0.1944,0.1343,0
msme_001192,kirana,0.7605,0.6272,0.525,0.4583,0.8356,31,1000.0,2.95,1,22842.42,0.2871,0.4394,0
msme_001193,mechanic,0.9535,0.6281,0.5593,0.7173,0.9343,38,95393.55,0.65,1,2263.99,0.1251,0.047,0
msme_001194,restaurant,0.5963,0.691,0.7327,0.8681,0.983,27,94657.37,18.24,0,1056.18,0.2638,0.5251,0
msme_001195,salon,0.9372,0.798,0.3612,0.6834,0.984,29,42249.26,3.98,0,26848.43,0.1191,0.1702,0
msme_001196,restaurant,0.8963,0.6118,0.4391,0.8505,0.6331,29,47035.48,10.71,0,18652.76,0.0957,0.106,0
msme_001197,tailor,0.7141,0.6577,0.4877,0.938,0.9292,30,38643.2,6.46,3,22474.53,0.116,0.2001,0
msme_001198,tailor,0.7538,0.6211,0.4787,0.8624,0.9477,26,12179.4,6.01,0,13194.27,0.4685,0.3771,0
msme_001199,salon,0.8765,0.8863,0.7481,0.9135,0.8414,26,79102.84,1.16,1,20492.29,0.2577,0.247,0
msme_001200,mechanic,0.9791,0.4937,0.5511,0.2916,0.9686,34,55164.07,1.28,2,9072.12,0.0519,0.5661,0
msme_001201,salon,0.7451,0.7167,0.1932,0.5575,0.9055,35,47967.9,1.73,0,22144.0,0.2038,0.075,0
msme_001202,restaurant,0.7294,0.7346,0.6185,0.5506,0.9846,39,13431.51,0.1,0,25850.31,0.0764,0.0994,0
msme_001203,restaurant,0.9497,0.6663,0.2704,0.5276,0.9824,35,60861.92,4.96,1,12782.05,0.4023,0.4902,0
msme_001204,salon,0.9013,0.6051,0.6391,0.6745,0.8674,27,46388.41,0.12,1,0.0,0.1585,0.2766,0
msme_001205,mechanic,0.5898,0.8409,0.3575,0.726,0.8031,21,31187.68,3.68,0,14525.69,0.2527,0.4892,0
msme_001206,restaurant,0.7502,0.8115,0.4043,0.7063,0.9843,23,21406.17,11.07,2,0.0,0.3495,0.155,0
msme_001207,salon,0.9129,0.8186,0.8335,0.7454,0.8769,38,46785.22,1.69,2,15625.89,0.1642,0.4174,0
msme_001208,pharmacy,0.9096,0.654,0.8527,0.8531,0.8921,22,77399.36,2.94,0,29426.39,0.0156,0.0769,0
msme_001209,mechanic,0.8648,0.4669,0.534,0.6228,0.8424,36,17673.04,2.21,1,6236.86,0.0904,0.195,0
msme_001210,salon,0.9048,0.8549,0.5476,0.6638,0.9671,28,38534.56,5.74,0,38398.58,0.2329,0.2592,0
msme_001211,tailor,0.5418,0.736,0.6246,0.891,0.9633,26,66126.9,3.37,2,20476.59,0.346,0.5537,0
msme_001212,restaurant,0.8199,0.7302,0.7473,0.7153,0.9886,30,74534.39,1.11,0,0.0,0.112,0.3703,0
msme_001213,pharmacy,0.7463,0.7761,0.3188,0.6459,0.9168,32,1000.0,16.9,1,31336.43,0.3947,0.0612,0
msme_001214,salon,0.626,0.6236,0.6727,0.6595,0.8636,23,87030.44,1.68,3,18985.08,0.3284,0.047,0
msme_001215,pharmacy,0.8002,0.5436,0.5908,0.6969,0.8623,29,109826.45,5.46,2,9539.99,0.2564,0.3014,0
msme_001216,tailor,0.9315,0.8438,0.7116,0.5457,0.8236,22,38785.14,6.16,0,29196.48,0.2575,0.0448,0
msme_001217,mechanic,0.583,0.7641,0.4906,0.5839,0.9816,33,69669.07,6.32,0,1147.62,0.2325,0.0589,0
msme_001218,restaurant,0.9069,0.734,0.7261,0.7076,0.9196,34,69431.88,1.45,0,31850.6,0.1316,0.0255,0
msme_001219,pharmacy,0.8061,0.7299,0.5456,0.605,0.9831,37,57520.01,3.78,2,0.0,0.1052,0.71,0
msme_001220,kirana,0.7335,0.6705,0.5203,0.8559,0.9612,27,37001.02,0.44,0,39969.19,0.4442,0.2272,0
msme_001221,tailor,0.7808,0.6143,0.6259,0.7806,0.7405,36,46816.52,17.43,2,24760.79,0.1773,0.2973,0
msme_001222,pharmacy,0.6108,0.6043,0.6305,0.424,0.7534,40,29959.66,1.05,0,19348.11,0.0508,0.5163,0
msme_001223,salon,0.8559,0.6838,0.6392,0.6756,0.8761,25,43356.15,0.53,0,25958.61,0.2698,0.2422,0
msme_001224,kirana,0.7781,0.6649,0.2837,0.7681,0.9607,30,42627.9,1.92,2,7780.45,0.047,0.3045,0
msme_001225,salon,0.7368,0.6659,0.5976,0.5435,0.721,20,48321.55,11.3,1,1175.44,0.2779,0.2551,0
msme_001226,salon,0.6323,0.6386,0.7174,0.755,0.9907,22,52879.98,5.55,1,11396.04,0.2421,0.1109,0
msme_001227,tailor,0.5626,0.6203,0.6371,0.7943,0.8618,22,44716.55,3.45,1,26464.94,0.3165,0.1977,0
msme_001228,mechanic,0.8577,0.7681,0.6415,0.5468,0.9197,24,59980.41,2.09,1,16030.34,0.0456,0.1759,0
msme_001229,kirana,0.7074,0.647,0.4858,0.7252,0.9584,27,83132.45,1.47,2,55646.14,0.1457,0.4434,0
msme_001230,tailor,0.8423,0.7334,0.616,0.684,0.6825,22,64715.55,0.32,0,40824.16,0.3258,0.2931,0
msme_001231,kirana,0.9193,0.5161,0.6634,0.7759,0.9648,24,72722.79,0.22,1,13311.83,0.0976,0.1186,0
msme_001232,pharmacy,0.9399,0.8098,0.6749,0.858,0.8037,34,77910.62,28.4,0,33715.55,0.3639,0.4429,0
msme_001233,restaurant,0.9882,0.9119,0.6198,0.7968,0.9591,40,8352.26,2.83,1,28924.41,0.0956,0.1521,0
msme_001234,tailor,0.7996,0.814,0.568,0.7033,0.5891,26,80210.15,0.54,2,2677.24,0.1996,0.4921,0
msme_001235,tailor,0.8904,0.7454,0.4966,0.6372,0.9831,32,50197.96,0.2,0,25743.5,0.1655,0.2368,0
msme_001236,mechanic,0.9274,0.8022,0.8367,0.6862,0.9479,21,30790.18,7.79,0,0.0,0.3445,0.3848,0
msme_001237,salon,0.7872,0.8542,0.7199,0.8625,0.9702,20,21092.46,3.26,1,996.69,0.2077,0.2517,0
msme_001238,mechanic,0.8643,0.6399,0.6669,0.5587,0.9076,32,38686.85,1.31,2,0.0,0.2149,0.8277,0
msme_001239,salon,0.8229,0.8883,0.5227,0.8435,0.9403,34,27500.37,4.49,2,35059.63,0.1119,0.1401,0
msme_001240,pharmacy,0.8057,0.7834,0.7957,0.9001,0.828,43,31613.62,0.25,2,30812.04,0.2405,0.0953,0
msme_001241,restaurant,0.8277,0.7318,0.5252,0.8139,0.9583,33,38707.68,2.8,1,5257.97,0.173,0.1868,0
msme_001242,mechanic,0.7957,0.6284,0.7442,0.5948,0.9598,35,52472.91,2.02,2,38598.79,0.2833,0.3358,0
msme_001243,mechanic,0.81,0.6179,0.6686,0.6774,0.9255,25,1000.0,5.18,0,0.0,0.1824,0.3429,0
msme_001244,kirana,0.9486,0.7553,0.6945,0.7054,0.9206,35,77444.83,3.5,0,30925.33,0.4051,0.3395,0
msme_001245,tailor,0.6476,0.5635,0.4511,0.8044,0.9441,33,63946.25,1.07,0,0.0,0.3194,0.4711,0
msme_001246,kirana,0.9024,0.658,0.5812,0.6418,0.8544,27,64806.13,7.74,0,22220.46,0.023,0.4548,0
msme_001247,salon,0.8649,0.6706,0.8554,0.8814,0.8744,32,58067.54,16.98,0,1186.15,0.1764,0.17,0
msme_001248,pharmacy,0.8244,0.6897,0.6965,0.6298,0.9134,30,2397.68,7.87,1,35799.15,0.199,0.1052,0
msme_001249,tailor,0.8812,0.7686,0.7109,0.8117,0.8529,40,26697.15,3.31,0,5713.56,0.6325,0.5859,0
msme_001250,pharmacy,0.9177,0.775,0.6206,0.9041,0.9479,25,69515.59,2.06,0,14286.31,0.2101,0.1633,0
msme_001251,tailor,0.7849,0.8395,0.3965,0.7266,0.9602,40,30757.59,2.0,0,18515.15,0.2129,0.0922,0
msme_001252,restaurant,0.7715,0.6896,0.4682,0.8564,0.9919,27,37751.87,7.99,2,16299.97,0.0816,0.326,0
msme_001253,mechanic,0.8263,0.5713,0.6257,0.7166,0.5893,22,33956.56,0.58,0,24200.86,0.2476,0.3318,0
msme_001254,pharmacy,0.806,0.4593,0.6451,0.812,0.9548,32,21267.74,1.02,2,12396.17,0.1282,0.2216,0
msme_001255,restaurant,0.7619,0.8808,0.5505,0.6108,0.8416,22,25184.68,12.11,0,45000.37,0.1421,0.4241,0
msme_001256,pharmacy,0.868,0.7901,0.546,0.7703,0.8617,24,76325.13,2.28,2,17598.02,0.1119,0.6859,0
msme_001257,mechanic,0.8547,0.682,0.3964,0.8428,0.6191,30,45237.52,6.48,0,43047.75,0.0786,0.1782,0
msme_001258,restaurant,0.578,0.8715,0.3815,0.7933,0.9904,33,23119.69,5.54,2,37910.96,0.2002,0.2582,0
msme_001259,tailor,0.6423,0.5185,0.6288,0.8993,0.9696,25,1000.0,3.72,0,14978.76,0.2601,0.4915,0
msme_001260,salon,0.9055,0.8283,0.7234,0.5508,0.9491,27,28044.36,2.29,1,0.0,0.3064,0.1737,0
msme_001261,kirana,0.7481,0.7966,0.7681,0.7293,0.9263,33,65028.58,3.19,0,3557.58,0.3806,0.0987,0
msme_001262,kirana,0.7927,0.4289,0.4605,0.8171,0.8343,28,80687.96,11.93,0,44623.57,0.2147,0.2184,0
msme_001263,restaurant,0.8722,0.7912,0.6353,0.7436,0.9606,27,41182.51,0.1,2,0.0,0.3112,0.3934,0
msme_001264,kirana,0.7611,0.8581,0.8177,0.5581,0.7093,26,23556.93,5.16,3,20393.62,0.1218,0.3047,0
msme_001265,restaurant,0.8875,0.6656,0.4596,0.6254,0.9583,24,43718.88,8.84,1,46929.5,0.2867,0.2018,0
msme_001266,restaurant,0.7358,0.8163,0.609,0.8563,0.8946,43,100620.65,9.47,0,37333.29,0.157,0.383,0
msme_001267,tailor,0.679,0.7588,0.8241,0.8806,0.8957,35,1000.0,2.77,2,59817.6,0.1194,0.4797,0
msme_001268,mechanic,0.6981,0.9795,0.5311,0.6993,0.9839,33,42704.15,6.06,0,48964.56,0.2289,0.0607,0
msme_001269,restaurant,0.7131,0.7107,0.7064,0.5726,0.9529,32,48924.51,17.46,0,15547.2,0.3744,0.1749,0
msme_001270,salon,0.9279,0.6489,0.6727,0.8265,0.928,26,82611.13,14.83,1,1363.34,0.1794,0.0197,0
msme_001271,restaurant,0.855,0.4501,0.5308,0.5503,0.9994,21,69177.58,1.74,2,27631.42,0.3561,0.3523,0
msme_001272,kirana,0.7857,0.7159,0.8058,0.843,0.973,30,53344.18,8.98,1,32843.4,0.0493,0.2887,0
msme_001273,pharmacy,0.8404,0.8421,0.7797,0.7939,0.8206,28,70408.82,0.62,0,0.0,0.1219,0.1476,0
msme_001274,salon,0.8702,0.515,0.6932,0.8075,0.9247,33,20519.36,20.8,0,45055.92,0.0774,0.3589,0
msme_001275,salon,0.9337,0.7651,0.8996,0.7772,0.9702,32,44752.71,1.2,1,15461.54,0.1187,0.1985,0
msme_001276,kirana,0.8977,0.8312,0.7782,0.8138,0.954,41,99995.71,6.03,1,24869.36,0.1459,0.5383,0
msme_001277,restaurant,0.8813,0.9791,0.6608,0.5397,0.7598,27,66617.2,5.46,0,0.0,0.2363,0.2988,0
msme_001278,tailor,0.6925,0.8869,0.6844,0.5997,0.8071,23,53152.04,7.81,1,0.0,0.1972,0.2607,0
msme_001279,kirana,0.6702,0.9276,0.5908,0.6975,0.9364,28,35154.02,3.59,1,10220.1,0.2974,0.2732,0
msme_001280,tailor,0.9061,0.6473,0.4848,0.5686,0.9999,32,37858.02,11.25,0,25973.48,0.0735,0.2482,0
msme_001281,salon,0.9598,0.7387,0.7232,0.5113,0.9049,28,79964.63,0.66,2,52495.83,0.3119,0.0119,0
msme_001282,mechanic,0.5116,0.6717,0.7023,0.8843,0.9507,22,27828.37,16.43,1,11435.77,0.1326,0.4,0
msme_001283,pharmacy,0.9716,0.737,0.9168,0.8226,0.997,24,44532.24,5.97,0,28387.27,0.1801,0.1179,0
msme_001284,pharmacy,0.6758,0.5095,0.8134,0.763,0.7602,37,59293.6,12.9,0,10551.41,0.1534,0.0727,0
msme_001285,tailor,0.8025,0.8591,0.3532,0.8129,0.8954,24,71914.02,4.81,1,28917.26,0.1776,0.2974,0
msme_001286,tailor,0.4728,0.7491,0.3608,0.5986,0.9433,31,87211.78,3.61,0,2613.88,0.524,0.4439,0
msme_001287,kirana,0.8887,0.6897,0.6938,0.5832,0.9447,37,36192.96,16.64,2,436.53,0.1618,0.1354,0
msme_001288,restaurant,0.8858,0.6612,0.2926,0.7949,0.8202,24,66359.91,4.1,1,23927.58,0.2031,0.2576,0
msme_001289,kirana,0.8376,0.9402,0.531,0.8993,0.95,21,73651.11,1.56,0,17693.47,0.1262,0.3895,0
msme_001290,pharmacy,0.6721,0.8523,0.6386,0.4275,0.8288,26,25590.84,0.1,1,15791.59,0.2172,0.6934,0
msme_001291,kirana,0.7878,0.563,0.6671,0.5056,0.8156,29,59603.23,0.11,2,34935.81,0.1222,0.1766,0
msme_001292,restaurant,0.8342,0.7176,0.2429,0.8167,0.833,25,58932.36,3.68,2,29379.39,0.1322,0.1659,0
msme_001293,pharmacy,0.8781,0.8888,0.581,0.8438,0.9674,38,43042.5,0.17,1,34776.19,0.4686,0.1531,0
msme_001294,restaurant,0.9315,0.4936,0.4184,0.7325,0.809,17,52270.96,4.39,0,34114.38,0.1919,0.3102,0
msme_001295,salon,0.8165,0.7888,0.3931,0.6754,0.9262,29,63266.13,10.74,0,0.0,0.3475,0.2195,0
msme_001296,kirana,0.7969,0.6488,0.7708,0.5349,0.9175,26,34086.11,2.19,0,16380.42,0.2317,0.2548,0
msme_001297,kirana,0.9654,0.8662,0.6309,0.7621,0.9457,26,43578.34,5.22,1,27748.08,0.1809,0.2614,0
msme_001298,restaurant,0.6291,0.785,0.6482,0.5424,0.7788,29,40802.98,1.3,1,16350.8,0.179,0.2171,0
msme_001299,pharmacy,0.9367,0.6893,0.6161,0.4689,0.8909,43,48959.43,1.34,1,34017.6,0.2368,0.0819,0
msme_001300,kirana,0.8327,0.5438,0.5216,0.7661,0.9192,26,34664.93,1.84,1,30131.0,0.1294,0.2024,0
msme_001301,mechanic,0.8272,0.7923,0.4161,0.6549,0.6619,31,85351.89,0.19,1,24136.24,0.1523,0.4934,0
msme_001302,salon,0.5321,0.8421,0.858,0.6637,0.9906,20,60120.33,0.62,1,31163.1,0.1936,0.3059,0
msme_001303,tailor,0.6486,0.7761,0.5436,0.89,0.9343,26,85795.6,10.67,1,49448.78,0.0149,0.2239,0
msme_001304,mechanic,0.66,0.8103,0.3148,0.864,0.8597,28,44006.56,9.39,3,39998.47,0.229,0.2045,0
msme_001305,tailor,0.9143,0.475,0.6299,0.4732,0.9042,32,79951.47,6.13,1,28976.15,0.1092,0.1578,0
msme_001306,restaurant,0.7213,0.9039,0.5773,0.4985,0.8813,30,81426.56,4.52,0,26957.14,0.3059,0.2154,0
msme_001307,kirana,0.7572,0.7936,0.6335,0.4546,0.962,33,44133.78,6.25,1,3600.65,0.1854,0.4019,0
msme_001308,salon,0.7156,0.5289,0.373,0.85,0.984,27,34561.6,7.3,0,11112.31,0.2119,0.2791,0
msme_001309,pharmacy,0.7351,0.5169,0.4936,0.5519,0.7776,34,49397.15,3.39,2,29275.95,0.0195,0.5347,0
msme_001310,salon,0.6647,0.6257,0.3611,0.5039,0.9389,38,87888.31,8.96,1,21474.94,0.4022,0.444,0
msme_001311,restaurant,0.6945,0.5621,0.3645,0.532,0.9672,36,41816.45,3.28,1,15541.78,0.2832,0.4581,0
msme_001312,restaurant,0.8638,0.6706,0.3498,0.6214,0.7869,27,40534.79,3.71,0,6518.19,0.148,0.4221,0
msme_001313,salon,0.7115,0.774,0.6992,0.9109,0.8757,30,63285.25,9.31,0,14054.24,0.2679,0.6396,0
msme_001314,mechanic,0.8618,0.743,0.7097,0.7317,0.7497,36,86870.69,1.81,0,44943.4,0.1445,0.1938,0
msme_001315,pharmacy,0.845,0.8418,0.655,0.4736,0.8194,36,65412.53,6.11,0,30760.86,0.1665,0.0938,0
msme_001316,kirana,0.9345,0.6861,0.6066,0.8212,0.9885,29,76708.66,2.76,1,17882.95,0.0446,0.1335,0
msme_001317,salon,0.8948,0.3379,0.7379,0.5433,0.868,30,60549.8,13.76,0,20030.65,0.1406,0.3042,0
msme_001318,pharmacy,0.6363,0.5462,0.3931,0.4584,0.9776,40,2557.62,0.27,3,894.71,0.234,0.4316,0
msme_001319,mechanic,0.7764,0.9044,0.6289,0.3547,0.8444,26,42106.15,1.27,2,27107.84,0.3191,0.2768,0
msme_001320,mechanic,0.7561,0.8,0.7621,0.6551,0.9297,33,2697.84,0.25,1,19782.48,0.2381,0.0703,0
msme_001321,pharmacy,0.8778,0.5367,0.6265,0.6417,0.9175,25,81553.86,21.01,1,27847.63,0.2121,0.4586,0
msme_001322,mechanic,0.7659,0.6558,0.4591,0.8373,0.9893,29,63500.07,0.14,3,20659.52,0.1619,0.1121,0
msme_001323,pharmacy,0.7632,0.8516,0.3795,0.4044,0.8845,26,54765.07,1.81,2,27740.89,0.1146,0.1639,0
msme_001324,restaurant,0.7986,0.6427,0.7337,0.6396,0.8198,25,78658.34,8.91,2,15374.84,0.138,0.1022,0
msme_001325,pharmacy,0.8459,0.6342,0.8245,0.719,0.8725,31,63203.14,2.28,1,29418.72,0.2608,0.1439,0
msme_001326,salon,0.688,0.569,0.5573,0.4886,0.9994,26,39251.87,0.95,0,4154.35,0.1268,0.1498,0
msme_001327,tailor,0.7857,0.5973,0.7208,0.6351,0.9615,39,41928.41,2.4,0,17607.98,0.0964,0.4062,0
msme_001328,kirana,0.9905,0.726,0.7806,0.52,0.8553,26,54500.7,8.35,2,25260.82,0.1635,0.272,0
msme_001329,pharmacy,0.7884,0.6027,0.7741,0.6196,0.766,32,46144.05,9.88,0,15504.3,0.218,0.0789,0
msme_001330,restaurant,0.9029,0.5245,0.7313,0.8817,0.8585,29,47881.77,7.22,1,22243.4,0.1824,0.5029,0
msme_001331,pharmacy,0.9744,0.7469,0.8708,0.7248,0.9985,42,59419.19,2.48,0,24973.16,0.2496,0.2591,0
msme_001332,kirana,0.7532,0.7603,0.6846,0.4528,0.975,33,80628.17,3.56,0,19620.45,0.0881,0.0823,0
msme_001333,mechanic,0.752,0.7015,0.7963,0.7608,0.9941,24,27504.11,2.86,0,18572.32,0.0614,0.5185,0
msme_001334,mechanic,0.6368,0.7578,0.5504,0.5984,0.866,20,1000.0,0.45,0,13659.82,0.2607,0.0693,0
msme_001335,kirana,0.9082,0.6674,0.6885,0.509,0.9301,24,45373.28,15.47,1,12461.36,0.4206,0.063,0
msme_001336,pharmacy,0.3904,0.8646,0.4769,0.7546,0.9819,29,31345.78,1.96,1,32272.19,0.4097,0.522,0
msme_001337,salon,0.9206,0.8389,0.6087,0.6571,0.8203,35,45380.56,0.16,1,36089.65,0.3829,0.2895,0
msme_001338,kirana,0.8828,0.7683,0.572,0.6718,0.9704,35,62749.89,9.8,1,13428.43,0.1151,0.3924,0
msme_001339,salon,0.7865,0.6469,0.5129,0.7112,0.9335,24,23346.94,2.68,1,15983.93,0.2557,0.49,0
msme_001340,salon,0.4811,0.9478,0.7905,0.5869,0.8932,28,80699.27,2.42,2,14673.32,0.171,0.1091,0
msme_001341,pharmacy,0.9203,0.5455,0.5383,0.8265,0.8796,42,74988.36,6.59,3,19736.42,0.2072,0.5398,0
msme_001342,pharmacy,0.9708,0.7376,0.3299,0.9233,0.9776,30,55003.53,3.98,1,10713.13,0.0362,0.3918,0
msme_001343,kirana,0.6945,0.751,0.7399,0.7944,0.9912,23,5812.59,4.15,0,45939.47,0.1425,0.0895,0
msme_001344,salon,0.7535,0.6365,0.4251,0.8653,0.978,34,11402.87,5.88,3,31932.74,0.3829,0.3511,0
msme_001345,tailor,0.5537,0.9761,0.4888,0.5555,0.8937,27,1000.0,9.62,1,12864.39,0.0623,0.1734,0
msme_001346,tailor,0.8032,0.8258,0.5778,0.7236,0.9814,30,54404.09,3.2,0,7734.71,0.0706,0.1823,0
msme_001347,tailor,0.7066,0.7822,0.4002,0.6155,0.9115,35,10951.95,7.33,1,39447.79,0.1271,0.2491,0
msme_001348,mechanic,0.9051,0.4467,0.7772,0.6594,0.9573,28,1000.0,0.93,1,11072.21,0.3252,0.1148,0
msme_001349,tailor,0.9493,0.9231,0.3519,0.6846,0.9193,23,93425.71,0.98,2,20286.68,0.0642,0.0379,0
msme_001350,pharmacy,0.8306,0.854,0.6395,0.9457,0.957,31,68721.23,2.3,0,1378.72,0.2318,0.121,0
msme_001351,mechanic,0.7827,0.8426,0.3906,0.6553,0.8793,26,38016.57,2.98,0,27821.43,0.2244,0.1899,0
msme_001352,kirana,0.9031,0.9112,0.5877,0.8876,0.8528,29,48682.24,10.2,2,1069.23,0.1283,0.3104,0
msme_001353,tailor,0.8205,0.5754,0.7981,0.7218,0.8817,28,65975.6,7.14,0,19039.06,0.2272,0.0773,0
msme_001354,pharmacy,0.9377,0.5387,0.5321,0.8407,0.964,37,22152.71,1.33,2,35007.62,0.0638,0.6307,0
msme_001355,tailor,0.9512,0.7977,0.678,0.6279,0.88,23,31800.36,8.84,1,17380.28,0.2168,0.1428,0
msme_001356,tailor,0.8282,0.7383,0.6445,0.6946,0.9652,27,50721.16,9.78,0,2971.19,0.0318,0.4153,0
msme_001357,pharmacy,0.9353,0.9533,0.4566,0.8907,0.7384,34,48638.61,5.69,0,3192.49,0.2737,0.3097,0
msme_001358,salon,0.8239,0.555,0.415,0.763,0.9624,38,54331.02,7.46,4,2063.86,0.1283,0.2332,0
msme_001359,mechanic,0.8127,0.6582,0.4068,0.694,0.9143,26,56138.17,6.3,1,44847.99,0.0526,0.2323,0
msme_001360,pharmacy,0.822,0.3921,0.5924,0.9095,0.9456,29,52728.64,10.26,2,27725.04,0.2257,0.2939,0
msme_001361,restaurant,0.8164,0.7907,0.5828,0.4444,0.8594,28,66415.55,3.55,1,23312.64,0.1488,0.1117,0
msme_001362,tailor,0.5914,0.4007,0.7046,0.8613,0.9321,34,62059.45,3.13,1,23474.61,0.336,0.2968,0
msme_001363,salon,0.8921,0.8586,0.5109,0.6167,0.8613,30,56412.18,0.17,0,1652.37,0.4212,0.4474,0
msme_001364,tailor,0.6496,0.6715,0.4498,0.8199,0.9325,34,88338.82,0.16,2,33140.28,0.1837,0.2257,0
msme_001365,tailor,0.9897,0.6748,0.2399,0.8962,0.9856,40,32845.31,0.72,2,8943.32,0.2079,0.5856,0
msme_001366,mechanic,0.814,0.87,0.626,0.6185,0.8552,28,7485.4,1.67,2,33426.84,0.2008,0.1211,0
msme_001367,restaurant,0.6118,0.4328,0.6034,0.5801,0.9186,31,65494.04,0.57,1,4825.24,0.1939,0.2077,0
msme_001368,salon,0.8671,0.489,0.4985,0.5577,0.9381,34,35390.88,4.28,0,19917.75,0.0505,0.4142,0
msme_001369,mechanic,0.7777,0.46,0.7503,0.8699,0.9082,33,54993.71,0.56,0,30257.79,0.123,0.0998,0
msme_001370,pharmacy,0.4672,0.769,0.8152,0.9741,0.8929,27,13035.62,2.1,1,34921.86,0.2986,0.3528,0
msme_001371,salon,0.699,0.7056,0.5723,0.7933,0.9261,29,34835.38,21.14,1,11624.42,0.2096,0.1729,0
msme_001372,salon,0.7174,0.7467,0.678,0.6829,0.933,26,82619.9,2.24,0,0.0,0.2141,0.4208,0
msme_001373,salon,0.9221,0.5889,0.738,0.7615,0.8742,25,82486.74,2.84,1,24356.87,0.3024,0.2317,0
msme_001374,restaurant,0.9699,0.6515,0.7796,0.5492,0.9963,24,81601.51,7.07,1,26417.47,0.272,0.4435,0
msme_001375,restaurant,0.8909,0.6616,0.6973,0.6405,0.8666,41,1000.0,1.64,1,30961.23,0.1058,0.1653,0
msme_001376,mechanic,0.8319,0.8932,0.7155,0.7511,0.8759,26,91449.92,2.09,1,81.48,0.214,0.4058,0
msme_001377,kirana,0.8408,0.8546,0.5284,0.3844,0.8765,39,62525.25,4.88,0,9146.11,0.4756,0.4107,0
msme_001378,pharmacy,0.6395,0.7117,0.3791,0.4077,0.9783,31,75194.27,2.54,0,4539.38,0.1233,0.3294,0
msme_001379,tailor,0.8131,0.6711,0.407,0.7741,0.971,32,43088.31,2.59,3,24288.74,0.175,0.5677,0
msme_001380,tailor,0.8112,0.7834,0.8119,0.7013,0.8727,27,55647.46,9.97,0,29828.49,0.2547,0.2248,0
msme_001381,tailor,0.9075,0.7967,0.8464,0.7871,0.7807,28,9456.04,20.3,1,0.0,0.0752,0.1761,0
msme_001382,pharmacy,0.9163,0.7728,0.3491,0.5222,0.9812,30,73167.7,15.53,0,53258.88,0.1817,0.3375,0
msme_001383,salon,0.5697,0.7917,0.7934,0.7015,0.9983,28,31692.03,0.44,0,0.0,0.0778,0.078,0
msme_001384,pharmacy,0.8877,0.8916,0.4036,0.7614,0.9985,26,41993.99,0.23,0,16690.94,0.2129,0.5034,0
msme_001385,restaurant,0.7984,0.5072,0.5458,0.6903,0.9528,42,46953.37,10.05,1,39068.73,0.5218,0.1366,0
msme_001386,kirana,0.9023,0.7453,0.6564,0.7214,0.9991,31,58200.96,5.51,1,0.0,0.3841,0.1453,0
msme_001387,mechanic,0.8009,0.8396,0.7286,0.9615,0.9874,24,43081.56,2.78,0,8840.02,0.2896,0.0594,0
msme_001388,salon,0.9295,0.5204,0.8057,0.7668,0.917,30,47126.3,4.12,1,7568.78,0.1775,0.2503,0
msme_001389,kirana,0.5986,0.8421,0.773,0.8629,0.6735,41,27724.96,10.88,0,18876.3,0.4547,0.5845,0
msme_001390,tailor,0.8029,0.3462,0.6115,0.8476,0.8967,36,42111.1,4.55,1,51823.25,0.2572,0.2313,0
msme_001391,mechanic,0.8439,0.5651,0.6632,0.7769,0.933,29,69101.81,3.37,3,15114.11,0.4966,0.5519,0
msme_001392,salon,0.9372,0.7067,0.4663,0.662,0.8381,27,64668.54,1.52,2,4844.29,0.1491,0.5294,0
msme_001393,restaurant,0.8708,0.8262,0.6771,0.6815,0.955,27,63298.96,0.62,0,19713.61,0.0866,0.2617,0
msme_001394,pharmacy,0.9156,0.759,0.5927,0.5248,0.8887,26,34223.57,5.12,3,27655.87,0.1676,0.0838,0
msme_001395,mechanic,0.8262,0.4184,0.8315,0.6899,0.7022,36,39020.95,3.97,1,23886.43,0.338,0.0385,0
msme_001396,pharmacy,0.8313,0.7987,0.633,0.7631,0.9399,32,32955.48,9.52,1,23604.34,0.1365,0.1777,0
msme_001397,kirana,0.8623,0.5375,0.5902,0.6735,0.903,32,80060.13,4.79,1,3269.84,0.1594,0.155,0
msme_001398,salon,0.6516,0.8153,0.608,0.8104,0.7839,34,102022.1,0.92,2,15776.48,0.1252,0.0706,0
msme_001399,salon,0.7969,0.9249,0.5361,0.8256,0.9238,21,35617.25,3.45,1,10375.98,0.382,0.2472,0
msme_001400,salon,0.6653,0.7813,0.6313,0.8502,0.7202,31,45945.49,6.6,1,9325.24,0.13,0.2862,0
msme_001401,mechanic,0.8677,0.8076,0.7639,0.6331,0.9996,36,45799.87,4.23,2,16924.12,0.3802,0.3983,0
msme_001402,restaurant,0.8419,0.5872,0.6301,0.773,0.9772,23,79972.06,6.18,0,8542.26,0.2313,0.5891,0
msme_001403,salon,0.9351,0.6446,0.6391,0.7589,0.8485,27,49189.36,0.55,1,4482.51,0.0683,0.0546,0
msme_001404,kirana,0.773,0.8407,0.7424,0.7741,0.9721,37,48907.27,3.03,3,35840.31,0.3022,0.03,0
msme_001405,mechanic,0.4903,0.404,0.6722,0.5198,0.9673,38,3922.61,3.3,2,0.0,0.2248,0.539,0
msme_001406,kirana,0.8502,0.6526,0.6501,0.7592,0.9337,35,30951.06,0.51,2,5486.34,0.2422,0.27,0
msme_001407,restaurant,0.6202,0.7961,0.6724,0.7241,0.9212,34,60579.07,4.89,1,56686.15,0.0759,0.0883,0
msme_001408,mechanic,0.8396,0.5223,0.6165,0.6158,0.9939,30,71787.28,5.68,3,12015.4,0.216,0.2276,0
msme_001409,tailor,0.8808,0.7463,0.6696,0.9601,0.9353,24,81420.03,3.62,0,2209.81,0.271,0.0409,0
msme_001410,mechanic,0.9041,0.702,0.5582,0.9147,0.9711,28,106882.89,5.42,0,23038.08,0.3878,0.3549,0
msme_001411,pharmacy,0.8983,0.4973,0.4964,0.6008,0.9727,24,92150.01,1.63,1,31248.38,0.5229,0.0867,0
msme_001412,pharmacy,0.709,0.6951,0.881,0.7888,0.9604,29,52680.72,0.95,0,38005.14,0.1751,0.2605,0
msme_001413,mechanic,0.9029,0.6413,0.7434,0.8372,0.9881,26,63752.17,4.59,0,0.0,0.1605,0.2642,0
msme_001414,restaurant,0.7753,0.5284,0.4804,0.9104,0.9313,28,49451.34,0.72,1,23066.23,0.2914,0.1241,0
msme_001415,mechanic,0.5119,0.6786,0.6747,0.8935,0.8424,36,78753.07,9.76,1,13272.6,0.2194,0.4097,0
msme_001416,restaurant,0.9486,0.7075,0.5197,0.814,0.9628,30,13216.4,0.3,3,18722.05,0.1119,0.5178,0
msme_001417,restaurant,0.8615,0.6776,0.4377,0.4589,0.8518,33,15921.09,5.29,0,8693.19,0.0866,0.338,0
msme_001418,tailor,0.8278,0.9872,0.7114,0.8132,0.9669,28,84792.07,10.5,1,22548.33,0.1597,0.2353,0
msme_001419,mechanic,0.9325,0.5719,0.6746,0.762,0.9567,33,59240.02,4.01,0,28872.89,0.1103,0.1915,0
msme_001420,pharmacy,0.7489,0.7579,0.7191,0.8504,0.9467,35,76009.53,3.62,2,36787.07,0.189,0.1111,0
msme_001421,pharmacy,0.7293,0.5822,0.4352,0.8209,0.946,30,88657.22,4.33,2,0.0,0.0477,0.4094,0
msme_001422,tailor,0.9573,0.7727,0.6749,0.6691,0.8073,25,45336.61,6.33,1,41364.87,0.0684,0.1868,0
msme_001423,pharmacy,0.8619,0.9004,0.654,0.6818,0.9671,32,40445.75,7.8,0,3170.71,0.0509,0.3865,0
msme_001424,restaurant,0.5511,0.6686,0.4504,0.3964,0.8178,34,50934.63,2.49,0,19466.8,0.0935,0.306,0
msme_001425,tailor,0.715,0.7394,0.6714,0.6971,0.9611,33,51109.58,5.66,0,454.66,0.2343,0.162,0
msme_001426,pharmacy,0.9735,0.6102,0.6323,0.7705,0.8768,30,53606.45,13.86,1,10078.14,0.1461,0.1146,0
msme_001427,restaurant,0.8635,0.6635,0.5469,0.7615,0.9,23,41786.97,4.08,1,43225.23,0.1177,0.0492,0
msme_001428,mechanic,0.8784,0.6458,0.6003,0.6807,0.8425,30,100168.23,2.67,0,22186.47,0.2977,0.1996,0
msme_001429,kirana,0.7954,0.7784,0.7053,0.6558,0.8034,26,70069.07,3.48,2,28109.72,0.0503,0.2971,0
msme_001430,salon,0.8454,0.8519,0.6776,0.8344,0.8014,32,1000.0,1.53,2,20276.96,0.2103,0.2912,0
msme_001431,mechanic,0.5614,0.7476,0.7562,0.5536,0.8939,30,54168.83,0.25,1,19956.02,0.0913,0.2238,0
msme_001432,kirana,0.8281,0.6574,0.5376,0.6362,0.9367,30,42618.39,0.3,1,21609.18,0.1209,0.1186,0
msme_001433,pharmacy,0.7215,0.7092,0.3913,0.7452,0.9645,35,52721.01,1.19,2,19511.65,0.1155,0.13,0
msme_001434,restaurant,0.9598,0.8072,0.4422,0.7848,0.8742,29,51269.25,4.97,0,12416.73,0.127,0.1592,0
msme_001435,pharmacy,0.5312,0.8764,0.4605,0.6356,0.7388,28,19381.97,6.38,0,3728.71,0.3391,0.1932,0
msme_001436,salon,0.8048,0.8989,0.5733,0.6643,0.8145,24,32601.07,5.2,0,29413.39,0.3096,0.0946,0
msme_001437,mechanic,0.7848,0.6488,0.4861,0.7413,0.931,21,6652.04,2.32,0,29625.98,0.1877,0.1029,0
msme_001438,salon,0.8138,0.7316,0.5597,0.791,0.879,31,53189.39,10.04,2,5870.66,0.0994,0.0949,0
msme_001439,restaurant,0.555,0.7478,0.9024,0.6692,0.8805,30,3619.32,10.34,0,48825.78,0.0517,0.0606,0
msme_001440,mechanic,0.9144,0.706,0.5513,0.4858,0.9271,25,6162.93,7.61,1,26305.08,0.2756,0.287,0
msme_001441,salon,0.7278,0.5204,0.3877,0.4217,0.9329,21,58249.89,9.29,0,0.0,0.1075,0.2364,0
msme_001442,tailor,0.7604,0.9224,0.5235,0.8385,0.927,22,22935.13,2.03,0,7047.34,0.4273,0.5194,0
msme_001443,tailor,0.7257,0.6974,0.5582,0.69,0.9506,30,21230.98,4.61,0,30949.01,0.3712,0.3364,0
msme_001444,tailor,0.9249,0.5371,0.6587,0.8508,0.959,26,52488.7,7.24,1,10272.27,0.2613,0.2355,0
msme_001445,tailor,0.9425,0.5725,0.8122,0.6016,0.7274,36,18282.05,2.71,1,13507.85,0.1741,0.4078,0
msme_001446,pharmacy,0.7383,0.5553,0.6912,0.9318,0.8532,33,67956.72,2.16,0,30261.98,0.2463,0.1557,0
msme_001447,salon,0.777,0.5566,0.759,0.6438,0.8027,34,62757.4,21.93,1,34170.59,0.1283,0.3915,0
msme_001448,tailor,0.7132,0.7278,0.7773,0.5736,0.9888,33,47224.77,1.38,1,21011.36,0.1418,0.0365,0
msme_001449,salon,0.9373,0.7239,0.8159,0.3723,0.9764,24,78485.77,2.33,0,24074.25,0.1497,0.3292,0
msme_001450,restaurant,0.7685,0.5351,0.7402,0.8727,0.6654,26,56334.14,2.28,0,8548.97,0.1123,0.1759,0
msme_001451,tailor,0.7049,0.6803,0.6669,0.7682,0.8757,32,61799.73,1.81,0,34276.1,0.2436,0.3091,0
msme_001452,pharmacy,0.9361,0.9087,0.7899,0.8399,0.9288,30,15536.74,14.59,1,31258.06,0.0735,0.3229,0
msme_001453,tailor,0.8447,0.7891,0.508,0.8031,0.956,30,70030.81,4.38,2,9203.94,0.3709,0.1927,0
msme_001454,pharmacy,0.7999,0.5115,0.7937,0.5866,0.66,20,21805.12,1.13,1,20963.98,0.1977,0.6673,0
msme_001455,mechanic,0.6671,0.7159,0.5791,0.5474,1.0,26,60842.1,12.31,2,14762.79,0.1271,0.0514,0
msme_001456,pharmacy,0.8638,0.5641,0.7773,0.731,0.9931,25,1000.0,8.32,0,32.4,0.1945,0.302,0
msme_001457,pharmacy,0.8814,0.2695,0.5688,0.7786,0.8944,43,59045.28,0.16,2,1046.12,0.028,0.2847,0
msme_001458,salon,0.4932,0.7153,0.5102,0.7773,0.9885,32,83162.73,9.62,0,8152.6,0.1599,0.1456,0
msme_001459,pharmacy,0.3645,0.9277,0.5099,0.6655,0.8856,31,98036.44,10.92,1,0.0,0.4196,0.5534,0
msme_001460,pharmacy,0.8314,0.7567,0.6114,0.3803,0.9443,30,75825.66,2.87,1,9675.62,0.1732,0.5348,0
msme_001461,pharmacy,0.8097,0.8086,0.6876,0.4398,0.9292,33,41536.82,2.98,1,14282.66,0.0952,0.2413,0
msme_001462,kirana,0.7774,0.7732,0.3162,0.4391,0.8195,37,69709.54,3.1,1,19754.99,0.1432,0.352,0
msme_001463,tailor,0.6599,0.9067,0.5326,0.7374,0.9914,36,62511.9,0.3,4,4734.43,0.221,0.0687,0
msme_001464,mechanic,0.9042,0.8162,0.5938,0.8871,0.9782,28,40134.56,4.1,1,2495.8,0.0976,0.3134,0
msme_001465,mechanic,0.9063,0.7194,0.5925,0.5017,0.7674,32,47449.62,2.68,1,12843.89,0.2623,0.1384,0
msme_001466,pharmacy,0.9247,0.7142,0.7675,0.7567,0.8733,35,35765.03,0.62,1,42986.17,0.3263,0.0684,0
msme_001467,pharmacy,0.7675,0.6195,0.6268,0.783,0.9477,26,59992.77,14.59,1,11457.05,0.2202,0.3748,0
msme_001468,kirana,0.6726,0.9459,0.8256,0.7032,0.4336,21,74713.23,2.75,0,32700.53,0.2332,0.2531,0
msme_001469,mechanic,0.7089,0.5713,0.6114,0.6875,0.8489,24,87738.49,11.78,0,35331.87,0.1307,0.3363,0
msme_001470,mechanic,0.8188,0.5855,0.4207,0.7016,0.9938,24,57449.61,9.81,2,26028.37,0.1416,0.2258,0
msme_001471,kirana,0.6657,0.6657,0.722,0.6638,0.9633,29,66503.85,1.08,0,38805.82,0.3969,0.1181,0
msme_001472,pharmacy,0.7914,0.7214,0.6049,0.7647,0.9863,32,94243.17,13.04,2,15803.54,0.2916,0.0661,0
msme_001473,pharmacy,0.9181,0.6719,0.4505,0.4058,0.967,26,62297.43,2.91,0,32592.24,0.2891,0.5136,0
msme_001474,restaurant,0.7858,0.7654,0.6666,0.8363,0.8173,33,62037.58,1.27,1,5537.48,0.3603,0.5995,0
msme_001475,mechanic,0.8804,0.7073,0.3174,0.5071,0.9393,37,42495.19,19.14,0,16186.88,0.0914,0.7519,0
msme_001476,kirana,0.5986,0.6684,0.5575,0.4649,0.8645,40,76346.88,2.78,3,5858.14,0.0421,0.3563,0
msme_001477,mechanic,0.7899,0.6683,0.724,0.5887,0.9896,23,48426.31,0.76,2,24962.43,0.0892,0.7465,0
msme_001478,kirana,0.7606,0.9715,0.457,0.7382,0.9798,28,43636.87,6.12,0,15116.05,0.2399,0.3781,0
msme_001479,kirana,0.8379,0.8458,0.7405,0.6651,0.8983,38,120910.3,5.84,0,15232.12,0.0766,0.3276,0
msme_001480,tailor,0.8424,0.6109,0.4357,0.6966,0.9247,26,24762.99,1.39,2,11755.64,0.18,0.4443,0
msme_001481,restaurant,0.6806,0.9068,0.3703,0.7631,0.8985,36,54001.84,3.55,2,33717.7,0.0598,0.4108,0
msme_001482,mechanic,0.7383,0.8731,0.5097,0.7965,0.9472,30,36886.2,0.81,0,22729.24,0.1427,0.3387,0
msme_001483,salon,0.7775,0.6541,0.3622,0.7313,0.907,33,36108.96,2.45,0,24218.27,0.4995,0.2634,0
msme_001484,tailor,0.9216,0.7024,0.5341,0.7353,0.9175,36,50321.55,17.6,2,14121.12,0.3414,0.2864,0
msme_001485,tailor,0.7243,0.4439,0.6532,0.4715,0.9173,24,49630.56,1.16,0,42620.53,0.41,0.3478,0
msme_001486,kirana,0.8517,0.6027,0.6562,0.5428,0.9247,32,20860.74,0.51,1,24201.29,0.2298,0.3297,0
msme_001487,salon,0.9434,0.8088,0.6198,0.7285,0.9882,28,8459.6,0.79,2,27148.71,0.2498,0.1378,0
msme_001488,salon,0.8237,0.7422,0.8811,0.4129,0.9499,33,50798.11,4.99,1,35022.26,0.2529,0.1876,0
msme_001489,restaurant,0.9388,0.4334,0.6703,0.6613,0.9785,26,93663.41,3.46,3,28595.42,0.1117,0.2053,0
msme_001490,salon,0.6878,0.5504,0.4453,0.7662,0.9434,35,52499.1,3.7,0,23013.5,0.3126,0.4489,0
msme_001491,salon,0.8766,0.8328,0.8018,0.6817,0.8997,39,31840.1,7.42,1,3802.38,0.2512,0.2153,0
msme_001492,restaurant,0.8012,0.3119,0.7157,0.6414,0.8315,30,57665.58,1.76,1,16542.81,0.1915,0.3305,0
msme_001493,tailor,0.796,0.6858,0.6282,0.9197,0.8096,32,57401.27,1.29,0,22481.48,0.1033,0.5879,0
msme_001494,pharmacy,0.7373,0.6965,0.4842,0.7071,0.8899,27,31418.04,24.32,3,39519.49,0.1668,0.4161,0
msme_001495,mechanic,0.818,0.7585,0.5549,0.7706,0.9422,25,54103.13,4.55,0,22426.51,0.1406,0.3354,0
msme_001496,tailor,0.8136,0.8739,0.5686,0.3548,0.6722,25,37609.95,3.09,1,11440.83,0.2535,0.0856,0
msme_001497,tailor,0.6449,0.5218,0.5703,0.5096,0.8721,28,38897.28,3.69,1,13453.91,0.0266,0.1414,0
msme_001498,restaurant,0.7934,0.4889,0.533,0.591,0.9834,28,62167.54,12.15,0,36175.36,0.2439,0.0378,0
msme_001499,tailor,0.9711,0.8957,0.2328,0.7439,0.731,35,66052.73,3.8,1,0.0,0.1646,0.0513,0
msme_001500,restaurant,0.7694,0.7831,0.4918,0.731,0.9944,25,88949.16,10.62,2,1474.98,0.4787,0.3139,0
msme_001501,tailor,0.8575,0.5676,0.4238,0.7235,0.9605,29,1000.0,5.57,1,28508.83,0.1145,0.0912,0
msme_001502,mechanic,0.7661,0.8681,0.5408,0.8948,0.7634,30,54484.5,2.67,1,27067.69,0.1811,0.1705,0
msme_001503,pharmacy,0.9074,0.9353,0.5918,0.8928,0.9776,22,56439.06,0.72,2,7085.4,0.1817,0.1279,0
msme_001504,restaurant,0.9604,0.932,0.6545,0.6507,0.8225,37,41387.51,0.35,1,28872.38,0.3761,0.2116,0
msme_001505,kirana,0.6954,0.7418,0.7076,0.5946,0.8556,29,44755.59,4.63,1,21175.64,0.2191,0.2247,0
msme_001506,restaurant,0.9217,0.8579,0.4385,0.7833,0.9582,36,33804.07,4.89,2,51944.25,0.0593,0.4772,0
msme_001507,mechanic,0.8252,0.6894,0.7268,0.806,0.899,25,62934.36,1.06,0,28445.12,0.3767,0.1351,0
msme_001508,pharmacy,0.8911,0.5744,0.6932,0.8342,0.9076,27,67508.89,9.14,2,21620.18,0.1601,0.1148,0
msme_001509,kirana,0.6285,0.7277,0.4488,0.6764,0.9642,27,83144.0,0.28,0,1296.36,0.1595,0.2746,0
msme_001510,restaurant,0.9487,0.7198,0.6087,0.7944,0.8238,25,46767.65,4.91,0,0.0,0.0497,0.2177,0
msme_001511,pharmacy,0.871,0.7355,0.7412,0.7741,0.7381,27,63107.14,1.22,0,19873.35,0.0852,0.1215,0
msme_001512,restaurant,0.9942,0.7205,0.3626,0.7168,0.8542,18,91858.32,0.91,2,14144.75,0.3484,0.3068,0
msme_001513,kirana,0.7868,0.7461,0.5206,0.4842,0.9469,40,51883.15,2.12,1,0.0,0.4874,0.3234,0
msme_001514,pharmacy,0.9114,0.621,0.6096,0.6858,0.9203,24,68023.23,7.39,0,23789.61,0.0956,0.3275,0
msme_001515,pharmacy,0.7613,0.8612,0.76,0.7267,0.9905,35,81878.35,2.63,2,20229.85,0.2493,0.2367,0
msme_001516,pharmacy,0.6891,0.5373,0.6263,0.7109,0.9544,27,43548.26,23.08,0,35933.81,0.1723,0.2803,0
msme_001517,mechanic,0.7902,0.8403,0.8289,0.7812,0.9431,28,21455.94,13.08,0,36070.04,0.2922,0.4234,0
msme_001518,salon,0.7827,0.4942,0.6202,0.8913,0.8687,38,12900.15,2.31,2,3877.41,0.0973,0.0822,0
msme_001519,pharmacy,0.8877,0.6341,0.5468,0.8337,0.8778,27,72074.78,3.6,1,36786.1,0.0481,0.318,0
msme_001520,restaurant,0.9173,0.5078,0.775,0.8412,0.8231,38,73442.61,0.1,0,45079.53,0.1226,0.0619,0
msme_001521,kirana,0.8652,0.782,0.7595,0.924,0.9952,22,33103.83,1.52,1,25166.6,0.1338,0.3168,0
msme_001522,pharmacy,0.88,0.4145,0.7949,0.7888,0.7912,32,13692.12,1.39,3,34808.98,0.1209,0.1113,0
msme_001523,tailor,0.7987,0.564,0.3657,0.6847,0.9963,35,37961.35,0.83,0,25746.52,0.2429,0.3206,0
msme_001524,kirana,0.847,0.466,0.6323,0.8202,0.9033,33,31891.68,17.09,0,61473.55,0.3354,0.1886,0
msme_001525,pharmacy,0.7897,0.4819,0.7848,0.7116,0.6288,33,31171.02,17.06,1,37692.52,0.2551,0.2221,0
msme_001526,restaurant,0.9252,0.4699,0.8695,0.8476,0.9305,21,25835.04,5.81,1,1523.53,0.2095,0.3016,0
msme_001527,restaurant,0.8065,0.7809,0.7196,0.8036,0.9345,27,22721.77,37.57,0,7867.01,0.1452,0.1017,0
msme_001528,mechanic,0.9412,0.7015,0.3673,0.5718,0.9418,30,43172.19,19.18,0,26897.19,0.2825,0.2438,0
msme_001529,mechanic,0.7311,0.7848,0.481,0.7635,0.9783,34,43069.25,0.75,2,50776.48,0.3004,0.1378,0
msme_001530,mechanic,0.8743,0.6266,0.6647,0.7335,0.9223,25,53677.51,3.25,1,11262.44,0.2096,0.3774,0
msme_001531,restaurant,0.8218,0.825,0.5271,0.6155,0.9345,28,63683.22,3.29,1,33364.94,0.3044,0.1144,0
msme_001532,pharmacy,0.8191,0.49,0.555,0.6768,0.9957,27,70805.79,2.53,1,28422.88,0.0863,0.2399,0
msme_001533,restaurant,0.7894,0.6818,0.7183,0.6551,0.9648,27,46274.43,2.58,1,32940.58,0.1591,0.5052,0
msme_001534,tailor,0.9283,0.7933,0.8273,0.7743,0.9538,31,1000.0,8.71,1,13617.83,0.1451,0.1941,0
msme_001535,kirana,0.697,0.3508,0.5998,0.65,0.9794,24,22599.43,2.02,3,25384.03,0.0881,0.6599,0
msme_001536,kirana,0.8176,0.8352,0.8041,0.6525,0.9383,24,83567.82,5.89,1,14378.62,0.3356,0.36,0
msme_001537,kirana,0.8696,0.7892,0.4896,0.8122,0.9963,35,100719.48,1.84,1,30151.73,0.1581,0.3317,0
msme_001538,tailor,0.8736,0.6774,0.6051,0.8056,0.7681,33,75735.38,7.13,2,2877.49,0.19,0.2252,0
msme_001539,pharmacy,0.7414,0.8104,0.5128,0.7579,0.959,24,64317.87,9.22,2,18315.38,0.0657,0.3955,0
msme_001540,restaurant,0.9529,0.5144,0.5297,0.8833,0.6918,46,1000.0,2.54,2,19095.36,0.2129,0.3719,0
msme_001541,kirana,0.69,0.4746,0.873,0.885,0.9649,30,45594.35,6.59,0,9868.72,0.2023,0.2087,0
msme_001542,pharmacy,0.7372,0.8323,0.6317,0.4746,0.9713,32,36726.11,3.35,0,8437.76,0.2636,0.5039,0
msme_001543,pharmacy,0.6314,0.2303,0.5385,0.8044,0.9873,23,72591.46,14.54,1,42554.8,0.0604,0.2876,0
msme_001544,pharmacy,0.5943,0.7035,0.6742,0.9083,0.9998,26,73226.79,4.36,1,23513.76,0.0785,0.2274,0
msme_001545,kirana,0.8706,0.7093,0.7621,0.7499,0.9716,26,30647.74,3.29,1,14195.1,0.1838,0.1162,0
msme_001546,mechanic,0.7702,0.7969,0.5625,0.7611,0.8716,41,23788.25,2.18,1,28450.09,0.2362,0.1804,0
msme_001547,tailor,0.915,0.688,0.8567,0.6814,0.5951,36,50083.79,0.56,1,0.0,0.2274,0.0549,0
msme_001548,tailor,0.7135,0.7267,0.5157,0.4622,0.7743,20,44784.82,6.2,0,36309.6,0.2447,0.454,0
msme_001549,restaurant,0.8748,0.4536,0.6797,0.6423,0.9581,35,71172.49,1.75,0,21795.88,0.0582,0.5827,0
msme_001550,salon,0.9271,0.8134,0.4158,0.4168,0.9214,27,41540.83,7.55,1,8228.16,0.0327,0.2192,0
msme_001551,salon,0.7047,0.604,0.3633,0.729,0.9005,26,22206.48,0.88,0,15480.65,0.4131,0.0823,0
msme_001552,pharmacy,0.8316,0.7142,0.7928,0.5621,0.7422,26,79739.77,0.88,1,4272.47,0.0477,0.1849,0
msme_001553,tailor,0.7031,0.75,0.5399,0.8666,0.9391,29,50834.33,8.98,3,0.0,0.1311,0.364,0
msme_001554,tailor,0.7738,0.7499,0.6599,0.8105,0.9946,29,19419.77,15.18,1,20455.92,0.3362,0.2119,0
msme_001555,salon,0.8749,0.8863,0.6075,0.9494,0.7072,36,71553.79,10.33,0,13104.88,0.3218,0.3769,0
msme_001556,tailor,0.8872,0.7692,0.7506,0.5498,0.9498,34,49787.22,3.71,1,13919.98,0.254,0.0293,0
msme_001557,kirana,0.7744,0.7369,0.8174,0.634,0.9488,25,28600.51,6.25,0,11895.85,0.028,0.4259,0
msme_001558,kirana,0.7921,0.8239,0.6799,0.896,0.9467,33,4057.32,0.33,0,26275.92,0.2762,0.4672,0
msme_001559,pharmacy,0.6794,0.6565,0.6862,0.8102,0.8918,32,7982.77,2.85,1,8892.97,0.2975,0.1304,0
msme_001560,pharmacy,0.7171,0.4485,0.4431,0.8326,0.726,28,48355.2,4.3,1,46268.51,0.1815,0.4144,0
msme_001561,tailor,0.7701,0.5352,0.6316,0.863,0.9785,29,62294.31,1.93,0,0.0,0.2877,0.4785,0
msme_001562,restaurant,0.6395,0.5856,0.64,0.8332,0.9811,31,43133.66,5.01,2,15612.41,0.0659,0.1087,0
msme_001563,salon,0.71,0.8021,0.7081,0.7372,0.9246,29,3988.11,12.65,0,5409.31,0.3855,0.6098,0
msme_001564,restaurant,0.72,0.7794,0.6616,0.6669,0.9136,38,73610.39,5.25,3,15733.34,0.1559,0.3068,0
msme_001565,restaurant,0.8014,0.7709,0.5596,0.8056,0.9453,25,22082.45,3.21,0,28138.57,0.146,0.2999,0
msme_001566,restaurant,0.8072,0.592,0.8525,0.7968,0.9179,31,49710.47,7.25,1,7547.38,0.1975,0.213,0
msme_001567,tailor,0.5153,0.5809,0.5338,0.6038,0.9214,36,17895.56,3.18,1,28924.75,0.0829,0.4717,0
msme_001568,salon,0.9163,0.9332,0.5386,0.5122,0.9878,24,129268.46,6.42,0,43141.37,0.2546,0.5521,0
msme_001569,pharmacy,0.8052,0.8478,0.2869,0.7603,0.9349,39,24431.87,3.25,1,29460.03,0.2023,0.3662,0
msme_001570,kirana,0.6168,0.6245,0.7086,0.6272,0.9443,27,17352.29,6.51,2,30339.63,0.2958,0.0771,0
msme_001571,tailor,0.8669,0.9154,0.514,0.9237,0.9841,24,17473.07,3.02,1,0.0,0.2302,0.3134,0
msme_001572,kirana,0.8035,0.6894,0.696,0.6761,0.6157,24,46392.82,2.05,3,37997.7,0.1056,0.3952,0
msme_001573,restaurant,0.8618,0.735,0.3922,0.5502,0.7374,28,69183.48,1.63,2,13226.16,0.301,0.2337,0
msme_001574,salon,0.8406,0.6832,0.6038,0.5987,0.9516,36,55051.53,0.1,0,33688.38,0.2585,0.1011,0
msme_001575,kirana,0.7773,0.8692,0.5501,0.6338,0.971,27,23801.07,1.84,0,0.0,0.1644,0.1913,0
msme_001576,mechanic,0.8805,0.8492,0.7477,0.8657,0.8206,24,49613.98,0.93,1,22190.65,0.1234,0.3649,0
msme_001577,salon,0.7939,0.6287,0.555,0.5419,0.9124,33,13826.36,5.47,0,22759.31,0.2919,0.3735,0
msme_001578,salon,0.8113,0.8768,0.5348,0.8847,0.9858,28,31893.03,11.76,2,0.0,0.0457,0.0829,0
msme_001579,pharmacy,0.7697,0.7362,0.6822,0.7318,0.783,29,22265.73,29.76,4,28582.43,0.1977,0.3076,0
msme_001580,kirana,0.582,0.9054,0.717,0.6648,0.9394,34,23991.7,12.76,2,18673.24,0.2828,0.2141,0
msme_001581,kirana,0.7331,0.8104,0.5787,0.7465,0.9062,33,107601.76,3.62,2,32783.03,0.1168,0.1592,0
msme_001582,tailor,0.6471,0.8579,0.218,0.5141,0.9392,26,30552.68,3.94,3,18284.39,0.0382,0.2903,0
msme_001583,kirana,0.981,0.5651,0.9439,0.7203,0.9575,37,63690.53,1.18,1,34027.82,0.2781,0.5315,0
msme_001584,pharmacy,0.9517,0.6126,0.3485,0.5561,0.9618,40,23228.62,17.17,1,31070.81,0.4409,0.095,0
msme_001585,restaurant,0.5401,0.396,0.6014,0.5686,0.8666,30,39949.23,4.22,0,6296.06,0.2471,0.0765,0
msme_001586,pharmacy,0.779,0.6145,0.8103,0.6866,0.8532,28,90352.36,1.14,1,30596.66,0.3077,0.3936,0
msme_001587,pharmacy,0.8411,0.5511,0.8238,0.7005,0.9412,27,50692.87,0.26,1,16779.38,0.0326,0.1361,0
msme_001588,salon,0.916,0.5486,0.5138,0.5907,0.9925,31,51756.88,2.93,2,22785.54,0.0404,0.0561,0
msme_001589,tailor,0.8405,0.6139,0.3174,0.7811,0.9609,37,72426.12,0.89,2,12693.52,0.295,0.2558,0
msme_001590,mechanic,0.9059,0.7256,0.5897,0.7683,0.9854,33,58213.87,1.46,1,54608.58,0.1663,0.4942,0
msme_001591,tailor,0.6669,0.7955,0.5859,0.6697,0.9767,33,36555.78,1.7,0,24424.63,0.4342,0.0913,0
msme_001592,tailor,0.959,0.8591,0.7099,0.7133,0.9941,35,116661.69,13.37,1,18800.45,0.066,0.3987,0
msme_001593,pharmacy,0.8854,0.8681,0.7555,0.7999,0.7456,28,33914.92,1.96,0,5226.01,0.2693,0.3425,0
msme_001594,restaurant,0.7796,0.8154,0.6758,0.7313,0.9891,43,30131.8,2.61,4,5929.81,0.2171,0.1949,0
msme_001595,kirana,0.8422,0.6478,0.6974,0.827,0.9856,39,58758.69,0.29,0,29817.54,0.5678,0.313,0
msme_001596,pharmacy,0.8435,0.6539,0.5995,0.8792,0.8656,26,7354.39,1.36,1,20164.37,0.3658,0.3606,0
msme_001597,tailor,0.8844,0.7543,0.4443,0.8358,0.9722,30,39875.12,7.36,0,13649.06,0.0446,0.7113,0
msme_001598,kirana,0.9419,0.5662,0.464,0.7179,0.9588,23,108231.88,2.0,3,18289.0,0.0919,0.1021,0
msme_001599,kirana,0.922,0.6652,0.5203,0.7205,0.7606,33,23924.21,6.09,1,6619.78,0.1231,0.6528,0
msme_001600,salon,0.7224,0.7144,0.491,0.9794,0.9354,23,31985.08,1.98,0,32775.42,0.3258,0.5032,0
msme_001601,restaurant,0.7959,0.7932,0.4843,0.8974,0.9568,25,59994.12,6.95,2,47305.72,0.179,0.4265,0
msme_001602,restaurant,0.804,0.6763,0.4486,0.646,0.9962,32,63613.47,0.59,0,18923.75,0.1622,0.22,0
msme_001603,kirana,0.574,0.4753,0.8377,0.8107,0.9734,28,49009.18,0.1,0,2432.14,0.3356,0.16,0
msme_001604,restaurant,0.6646,0.8806,0.6648,0.6873,0.7218,32,51385.79,2.9,1,32891.63,0.2372,0.1225,0
msme_001605,pharmacy,0.7952,0.5512,0.3727,0.5878,0.8593,28,78876.54,1.82,3,38741.9,0.1524,0.0203,0
msme_001606,salon,0.8214,0.72,0.4276,0.576,0.9444,22,76209.98,6.18,2,17574.82,0.0702,0.3302,0
msme_001607,restaurant,0.7372,0.6803,0.5616,0.2395,0.9123,32,94212.16,1.14,0,7774.86,0.0834,0.0986,0
msme_001608,mechanic,0.9449,0.8181,0.4655,0.8518,0.7844,35,50934.71,6.78,0,31132.59,0.2107,0.3066,0
msme_001609,mechanic,0.8798,0.8377,0.7313,0.8851,0.8223,34,64434.61,3.87,0,41500.84,0.4035,0.6757,0
msme_001610,kirana,0.6558,0.6099,0.6161,0.8801,0.9881,36,47644.26,11.03,0,42563.54,0.2246,0.0639,0
msme_001611,kirana,0.7867,0.8483,0.6337,0.7717,0.9454,30,49641.28,0.81,3,5683.57,0.4391,0.2275,0
msme_001612,pharmacy,0.9515,0.7878,0.7091,0.3855,0.7522,29,9174.3,1.16,2,8067.83,0.3144,0.3174,0
msme_001613,kirana,0.8174,0.3295,0.6582,0.8147,0.9423,28,45426.5,1.5,0,41496.62,0.1075,0.2708,0
msme_001614,salon,0.9105,0.7223,0.5213,0.4863,0.8959,22,33399.18,0.22,1,43704.71,0.2039,0.1899,0
msme_001615,pharmacy,0.735,0.7402,0.7164,0.8084,0.6657,30,80750.49,1.64,0,43426.58,0.1803,0.2429,0
msme_001616,mechanic,0.5979,0.5788,0.5388,0.5468,0.8708,36,68983.21,1.03,0,27413.7,0.0798,0.1326,0
msme_001617,salon,0.7945,0.7382,0.5456,0.7723,0.9656,26,65012.82,1.24,2,19859.15,0.3685,0.6245,0
msme_001618,tailor,0.8437,0.7891,0.5164,0.7112,0.82,29,16133.96,2.14,0,43229.36,0.1393,0.1335,0
msme_001619,kirana,0.7946,0.7841,0.6528,0.6709,0.961,25,19914.58,9.87,0,27937.47,0.2475,0.2375,0
msme_001620,restaurant,0.7076,0.4263,0.5987,0.573,0.7619,26,44525.73,3.25,1,15652.67,0.1335,0.4784,0
msme_001621,tailor,0.6907,0.7742,0.7717,0.7035,0.9814,28,91703.47,10.95,0,11645.9,0.1314,0.3338,0
msme_001622,kirana,0.6415,0.6516,0.7936,0.7557,0.8039,30,67335.67,5.35,1,42753.04,0.559,0.1933,0
msme_001623,kirana,0.6656,0.8578,0.4879,0.9273,0.9258,31,24669.46,0.19,0,17089.86,0.4219,0.1076,0
msme_001624,pharmacy,0.8534,0.8793,0.6791,0.7593,0.9691,31,28360.32,7.88,1,0.0,0.3918,0.0592,0
msme_001625,tailor,0.983,0.8921,0.6072,0.8495,0.9852,20,98750.75,0.89,2,37064.56,0.0836,0.2195,0
msme_001626,kirana,0.8245,0.6068,0.6078,0.6506,0.9617,34,46912.64,1.8,1,22426.78,0.3679,0.3646,0
msme_001627,restaurant,0.5873,0.6608,0.4009,0.6612,0.959,29,32643.68,0.19,0,20350.33,0.1022,0.196,0
msme_001628,pharmacy,0.9253,0.5855,0.2226,0.6808,0.9401,25,70408.31,6.38,1,20158.44,0.1975,0.4317,0
msme_001629,tailor,0.8847,0.8919,0.8053,0.6371,0.8694,37,58119.14,6.35,2,38053.52,0.1054,0.1156,0
msme_001630,restaurant,0.7509,0.4755,0.3563,0.8094,0.9799,30,47195.35,8.64,1,39038.17,0.0814,0.1127,0
msme_001631,kirana,0.9364,0.8369,0.8256,0.6382,0.9467,33,53008.38,6.98,0,32025.58,0.3372,0.0952,0
msme_001632,kirana,0.781,0.8446,0.5421,0.6052,0.7053,34,54388.7,2.95,0,26083.25,0.2387,0.1267,0
msme_001633,kirana,0.8061,0.6689,0.6938,0.7284,0.8464,24,49100.88,8.44,0,35977.18,0.1059,0.1289,0
msme_001634,salon,0.9056,0.7934,0.737,0.9774,0.9635,25,49874.69,0.1,3,14750.65,0.1106,0.1994,0
msme_001635,pharmacy,0.4357,0.5712,0.5821,0.7129,0.8442,38,24466.75,0.26,0,19688.63,0.0244,0.3324,0
msme_001636,pharmacy,0.9345,0.816,0.5477,0.6595,0.953,30,3535.57,0.79,0,3201.4,0.2776,0.6161,0
msme_001637,mechanic,0.639,0.5747,0.5907,0.782,0.8609,35,55499.56,1.27,0,21035.22,0.3263,0.3783,0
msme_001638,salon,0.8794,0.6761,0.7969,0.8948,0.8823,26,40560.36,6.22,1,19244.68,0.1863,0.134,0
msme_001639,mechanic,0.9878,0.8814,0.8983,0.5939,0.8572,23,56812.74,3.68,2,14355.68,0.1274,0.291,0
msme_001640,salon,0.5335,0.8526,0.731,0.7108,0.7847,31,90833.73,7.68,2,11351.62,0.274,0.2262,0
msme_001641,restaurant,0.8908,0.7264,0.5294,0.4918,0.7955,46,64719.67,4.37,3,20022.37,0.0145,0.1772,0
msme_001642,pharmacy,0.7767,0.7005,0.5118,0.6246,0.7218,30,1000.0,0.15,2,31174.41,0.1506,0.2007,0
msme_001643,pharmacy,0.7103,0.6312,0.7066,0.78,0.9564,26,31603.24,3.85,1,3554.95,0.3415,0.2479,0
msme_001644,tailor,0.7629,0.4682,0.6583,0.7826,0.9267,33,45144.15,0.81,0,0.0,0.1279,0.3204,0
msme_001645,salon,0.7008,0.6916,0.4902,0.6729,0.7283,35,69749.1,4.19,2,19638.36,0.182,0.0727,0
msme_001646,tailor,0.5204,0.7263,0.566,0.6513,0.9833,43,45341.07,3.65,1,32015.26,0.1369,0.1622,0
msme_001647,pharmacy,0.9305,0.5147,0.6316,0.7396,0.866,35,60269.75,0.97,1,33627.06,0.0779,0.0347,0
msme_001648,salon,0.9331,0.4032,0.6336,0.7764,0.9986,35,29490.07,1.51,0,40380.5,0.2126,0.3203,0
msme_001649,restaurant,0.5779,0.7444,0.6921,0.7768,0.911,34,70884.04,3.95,1,38887.37,0.222,0.4418,0
msme_001650,mechanic,0.7908,0.6107,0.7426,0.4342,0.8477,29,45416.63,1.2,2,0.0,0.0392,0.3558,1
msme_001651,restaurant,0.9213,0.6643,0.5736,0.7872,0.9953,27,99087.5,0.35,1,21885.71,0.1462,0.5069,0
msme_001652,restaurant,0.7867,0.6703,0.5135,0.7781,0.9099,39,53199.23,5.46,2,20285.2,0.2536,0.207,0
msme_001653,kirana,0.8514,0.7208,0.5853,0.8257,0.9796,27,74477.93,0.1,0,12169.52,0.0861,0.1262,0
msme_001654,tailor,0.7855,0.4962,0.8063,0.8362,0.9917,41,32314.79,6.05,1,15977.96,0.2866,0.0343,0
msme_001655,kirana,0.5957,0.6593,0.7013,0.8524,0.9615,31,54487.93,3.6,1,13232.68,0.2826,0.3161,0
msme_001656,tailor,0.8844,0.6063,0.7037,0.5326,0.9398,30,49276.29,8.71,2,7432.56,0.3132,0.3099,0
msme_001657,kirana,0.8909,0.889,0.4833,0.6483,0.9884,29,26096.77,4.13,1,27585.08,0.0918,0.1901,0
msme_001658,tailor,0.7153,0.7856,0.6923,0.64,0.9645,30,83251.96,18.08,1,25282.95,0.1693,0.2704,0
msme_001659,salon,0.8888,0.874,0.6042,0.5743,0.8336,18,43164.43,5.08,0,4847.78,0.3614,0.3585,0
msme_001660,mechanic,0.5409,0.6973,0.7381,0.5274,0.9803,20,67505.87,3.3,0,13995.16,0.0823,0.326,0
msme_001661,restaurant,0.8973,0.742,0.6919,0.6219,0.8772,22,51010.36,0.94,0,21929.58,0.0751,0.4627,0
msme_001662,kirana,0.6872,0.6342,0.79,0.5601,0.9731,31,46800.1,0.98,0,34400.77,0.1286,0.736,0
msme_001663,restaurant,0.7641,0.5847,0.8084,0.5484,0.7954,31,45136.25,3.46,1,0.0,0.3042,0.1905,0
msme_001664,kirana,0.8921,0.6512,0.3373,0.8954,0.9431,39,19948.04,0.1,1,22662.12,0.3864,0.031,0
msme_001665,kirana,0.7822,0.649,0.3146,0.7133,0.9429,32,41478.05,0.46,0,34257.42,0.196,0.0608,0
msme_001666,tailor,0.6645,0.8756,0.576,0.854,0.9417,36,10838.85,3.34,0,22917.97,0.2919,0.5083,0
msme_001667,mechanic,0.6231,0.7843,0.42,0.6183,0.9846,20,64235.99,5.76,0,44711.39,0.0225,0.0594,0
msme_001668,pharmacy,0.8598,0.7482,0.5786,0.7743,0.9689,25,60372.49,2.89,2,19824.56,0.1863,0.1334,0
msme_001669,restaurant,0.9086,0.6504,0.2367,0.3561,0.9588,35,74285.81,8.28,1,25905.54,0.1958,0.2377,0
msme_001670,pharmacy,0.8731,0.7649,0.5155,0.821,0.6506,36,15185.52,5.24,2,21479.73,0.3098,0.4072,0
msme_001671,kirana,0.7827,0.8053,0.4611,0.6418,0.8974,34,42648.11,6.96,0,10655.59,0.1903,0.3544,0
msme_001672,tailor,0.9263,0.5909,0.4363,0.5024,0.9866,20,40060.0,1.57,0,13408.65,0.2473,0.0203,0
msme_001673,salon,0.7658,0.9419,0.7304,0.553,0.8641,37,80889.71,0.7,1,7144.77,0.295,0.5105,0
msme_001674,kirana,0.8702,0.6885,0.5443,0.585,0.9905,32,58266.25,1.59,3,18022.05,0.1266,0.6461,0
msme_001675,pharmacy,0.8363,0.7129,0.4422,0.8304,0.9585,33,3485.18,5.77,2,23860.41,0.2098,0.692,0
msme_001676,kirana,0.5114,0.8529,0.4427,0.8125,0.8204,24,88520.59,10.94,0,20880.73,0.0597,0.3163,0
msme_001677,tailor,0.9216,0.7264,0.4158,0.6689,0.9236,38,57066.2,0.66,0,3525.45,0.2938,0.5101,0
msme_001678,pharmacy,0.8652,0.7964,0.5907,0.5389,0.6774,21,24758.55,8.44,1,16430.78,0.1274,0.0721,0
msme_001679,kirana,0.9729,0.8327,0.447,0.5622,0.9751,34,33347.29,1.83,0,27379.49,0.1752,0.4074,0
msme_001680,restaurant,0.8396,0.8094,0.7597,0.3344,0.9534,24,74634.28,7.98,1,17957.37,0.3115,0.4857,0
msme_001681,restaurant,0.5352,0.3943,0.2727,0.5387,0.9529,22,1000.0,4.49,1,44379.74,0.2742,0.2634,0
msme_001682,kirana,0.6889,0.7826,0.6825,0.4959,0.9912,30,48922.51,0.62,1,20600.19,0.1809,0.3374,0
msme_001683,mechanic,0.6828,0.6869,0.5883,0.7085,0.6511,33,49607.85,8.14,2,25580.33,0.2205,0.3561,0
msme_001684,restaurant,0.9101,0.8074,0.4301,0.8395,0.8267,27,49275.74,6.29,1,29188.24,0.3065,0.2136,0
msme_001685,mechanic,0.7702,0.8832,0.8465,0.7525,0.9557,24,45232.51,1.71,0,36568.15,0.1644,0.2908,0
msme_001686,kirana,0.8816,0.7603,0.5306,0.6241,0.7019,27,71239.13,28.28,2,21918.17,0.0389,0.1711,0
msme_001687,mechanic,0.807,0.5379,0.4392,0.6676,0.8776,24,57660.86,9.39,2,10880.05,0.3008,0.6295,0
msme_001688,tailor,0.849,0.6012,0.7689,0.5524,0.9763,30,34603.65,0.55,3,47704.35,0.1435,0.1172,0
msme_001689,pharmacy,0.8965,0.5072,0.5553,0.7888,0.9509,33,15087.02,0.9,3,14009.55,0.1416,0.2055,0
msme_001690,salon,0.7014,0.7953,0.6426,0.8337,0.488,33,53779.09,11.18,1,24533.05,0.2427,0.7638,0
msme_001691,tailor,0.7416,0.8469,0.6335,0.8903,0.8853,31,57029.24,18.11,1,19099.44,0.0557,0.2735,0
msme_001692,kirana,0.7615,0.5437,0.3384,0.6656,0.858,32,2497.65,1.76,0,31837.88,0.0676,0.116,0
msme_001693,tailor,0.7564,0.735,0.7998,0.5284,0.9148,37,56535.38,1.46,1,23602.01,0.3095,0.0722,0
msme_001694,kirana,0.861,0.6102,0.6094,0.5033,0.9354,20,68453.54,9.29,1,0.0,0.1093,0.3618,0
msme_001695,tailor,0.8382,0.5856,0.6184,0.2974,0.9935,43,49190.77,7.67,2,17588.28,0.1094,0.2517,0
msme_001696,pharmacy,0.9082,0.7239,0.7289,0.8022,0.7595,33,60898.46,4.82,2,17821.72,0.161,0.5116,0
msme_001697,restaurant,0.8903,0.7218,0.6032,0.7039,0.567,40,40383.25,12.47,1,46244.43,0.2175,0.1813,0
msme_001698,kirana,0.9709,0.4752,0.4432,0.4104,0.8254,34,47922.16,2.8,0,22986.21,0.1036,0.4914,0
msme_001699,mechanic,0.8822,0.7253,0.6083,0.5612,0.9851,36,30248.07,8.85,0,0.0,0.0125,0.1968,0
msme_001700,kirana,0.9818,0.531,0.7079,0.5478,0.9289,34,32692.23,2.53,1,6979.93,0.2054,0.2688,0
msme_001701,kirana,0.6934,0.6855,0.3004,0.8208,0.9952,20,48641.54,2.21,0,29165.52,0.2595,0.1997,0
msme_001702,restaurant,0.8798,0.5796,0.205,0.7782,0.9708,23,17415.83,11.13,1,34518.2,0.2273,0.539,0
msme_001703,tailor,0.8598,0.8844,0.8133,0.7184,0.8398,28,73151.77,1.81,0,7382.45,0.1667,0.1651,0
msme_001704,mechanic,0.7197,0.4543,0.637,0.8867,0.9275,26,78453.01,5.33,0,17334.83,0.2722,0.0931,0
msme_001705,pharmacy,0.9273,0.6044,0.4809,0.7878,0.996,25,12450.78,1.47,1,48168.68,0.3722,0.1285,0
msme_001706,salon,0.6646,0.8626,0.5889,0.6605,0.8258,20,1000.0,0.88,0,513.46,0.1574,0.2906,0
msme_001707,restaurant,0.9218,0.6535,0.4759,0.8404,0.9321,24,82015.38,2.08,1,2390.76,0.3201,0.3207,0
msme_001708,kirana,0.9559,0.6826,0.3697,0.7832,0.9774,29,34282.85,6.62,1,22461.56,0.4626,0.2536,0
msme_001709,pharmacy,0.6382,0.7787,0.7345,0.7029,0.9303,37,77469.36,5.53,4,10452.13,0.0992,0.5309,0
msme_001710,tailor,0.8428,0.8141,0.5619,0.9002,0.8477,35,53876.74,6.48,1,47008.59,0.5087,0.1904,0
msme_001711,mechanic,0.5555,0.5799,0.7108,0.8046,0.861,22,64294.36,8.5,1,15788.67,0.0773,0.54,0
msme_001712,tailor,0.9573,0.8426,0.7102,0.6519,0.8609,28,89398.0,0.99,1,29544.62,0.1826,0.3928,0
msme_001713,salon,0.7601,0.4343,0.6319,0.4799,0.9026,28,70857.3,12.58,0,11441.66,0.4584,0.2847,0
msme_001714,restaurant,0.909,0.5541,0.4962,0.6497,0.9901,24,53690.32,10.86,0,25701.54,0.0989,0.153,0
msme_001715,pharmacy,0.6695,0.6012,0.693,0.7181,0.7639,40,60724.64,4.02,0,9095.77,0.1059,0.1867,0
msme_001716,pharmacy,0.7528,0.7118,0.7917,0.8297,0.7894,25,85539.26,8.77,1,0.0,0.1168,0.4155,0
msme_001717,mechanic,0.6352,0.676,0.3727,0.7728,0.9228,41,1000.0,5.79,0,50768.97,0.1824,0.0137,0
msme_001718,pharmacy,0.901,0.9294,0.5005,0.7436,0.9703,26,8209.22,4.61,0,18434.02,0.109,0.1272,0
msme_001719,salon,0.7953,0.5778,0.5822,0.8751,0.8072,34,67624.3,5.03,0,16614.11,0.1756,0.2182,0
msme_001720,salon,0.6649,0.6572,0.8262,0.5064,0.9048,25,3318.51,0.72,2,0.0,0.2484,0.3188,0
msme_001721,pharmacy,0.8547,0.5952,0.3721,0.7649,0.6847,20,55123.95,2.61,0,26214.57,0.1137,0.2429,0
msme_001722,mechanic,0.8465,0.7358,0.5967,0.8226,0.8962,31,46926.37,2.63,0,41620.47,0.1801,0.7021,0
msme_001723,pharmacy,0.8997,0.734,0.8166,0.7603,0.9625,22,59597.85,0.14,0,26290.87,0.0702,0.1855,0
msme_001724,salon,0.8669,0.7864,0.5339,0.8435,0.8715,22,40286.16,11.52,0,10063.97,0.2789,0.5506,0
msme_001725,pharmacy,0.5786,0.6947,0.377,0.9162,0.6936,33,31427.48,4.34,1,26615.7,0.1087,0.2363,0
msme_001726,kirana,0.9237,0.5639,0.5718,0.8387,0.9734,21,37687.92,3.19,0,47103.7,0.4892,0.0208,0
msme_001727,tailor,0.9444,0.599,0.791,0.5761,0.9523,29,60223.5,5.88,3,5339.92,0.057,0.1985,0
msme_001728,mechanic,0.9681,0.6934,0.908,0.9329,0.997,32,45870.91,1.06,0,7992.0,0.3637,0.5295,0
msme_001729,pharmacy,0.856,0.8233,0.4397,0.5866,0.9776,33,61454.0,6.92,1,41825.41,0.3782,0.0344,0
msme_001730,salon,0.9091,0.7283,0.6532,0.6098,0.908,16,89008.81,0.96,1,21392.16,0.5693,0.3824,0
msme_001731,tailor,0.703,0.8628,0.4648,0.7338,0.8967,31,86197.49,17.22,2,20321.69,0.0606,0.2505,0
msme_001732,restaurant,0.897,0.8428,0.7938,0.8401,0.9897,32,80076.69,9.86,1,12071.68,0.2281,0.1704,0
msme_001733,salon,0.8584,0.7162,0.705,0.8189,0.8937,36,50107.06,8.77,2,18325.05,0.161,0.3139,0
msme_001734,restaurant,0.9763,0.6562,0.406,0.8272,0.9266,25,34093.52,8.43,2,29529.29,0.4694,0.3113,0
msme_001735,tailor,0.616,0.7163,0.5805,0.8886,0.7512,24,87306.63,3.94,1,17213.95,0.2704,0.2717,0
msme_001736,pharmacy,0.7315,0.7034,0.5996,0.9181,0.9468,46,40489.32,4.76,2,37893.91,0.2,0.0891,0
msme_001737,tailor,0.7694,0.7638,0.6898,0.7346,0.9836,32,75497.0,1.73,2,49407.69,0.0468,0.3051,0
msme_001738,salon,0.9387,0.562,0.7569,0.8817,0.9438,31,40570.24,3.8,2,27018.93,0.3587,0.4479,0
msme_001739,restaurant,0.763,0.692,0.56,0.8216,0.8902,27,21576.23,0.68,0,0.0,0.0558,0.2643,0
msme_001740,salon,0.8254,0.8955,0.7492,0.8982,0.9333,22,83622.06,5.35,2,35112.69,0.0326,0.1519,0
msme_001741,restaurant,0.6936,0.3955,0.6504,0.773,0.9958,34,53520.68,1.61,0,37542.06,0.7735,0.1948,0
msme_001742,salon,0.9606,0.4904,0.7083,0.7745,0.8693,26,43464.47,1.41,2,27753.28,0.0966,0.3446,0
msme_001743,salon,0.9158,0.6589,0.6301,0.7245,0.8227,30,27297.72,5.1,3,33534.69,0.1958,0.4876,0
msme_001744,pharmacy,0.6588,0.6062,0.6329,0.783,0.8402,35,72673.05,10.31,0,26493.82,0.1881,0.2057,0
msme_001745,tailor,0.8091,0.4554,0.7836,0.4705,0.9881,14,46283.46,5.53,0,12944.71,0.3053,0.2886,0
msme_001746,kirana,0.7625,0.7552,0.3509,0.6483,0.9796,30,16783.74,6.76,2,6317.29,0.4269,0.1797,0
msme_001747,salon,0.8972,0.7775,0.6368,0.4851,0.9413,35,36508.91,0.61,0,18248.18,0.4557,0.1035,0
msme_001748,salon,0.9657,0.8561,0.6731,0.5277,0.9948,27,57324.57,5.94,0,15798.63,0.2077,0.155,0
msme_001749,mechanic,0.9097,0.7688,0.7349,0.5804,0.9211,19,80071.43,15.28,0,1777.26,0.3102,0.4849,0
msme_001750,tailor,0.9628,0.6276,0.4345,0.7369,0.9334,31,43558.77,0.8,1,37299.16,0.0323,0.1168,0
msme_001751,mechanic,0.9347,0.8007,0.6416,0.844,0.9889,33,66790.75,3.31,0,21452.77,0.2594,0.2122,0
msme_001752,mechanic,0.9907,0.7347,0.842,0.7353,0.9747,25,1000.0,4.3,0,25700.8,0.2793,0.0493,0
msme_001753,tailor,0.6864,0.9371,0.68,0.8695,0.8984,24,40185.39,0.43,0,21675.29,0.1373,0.133,0
msme_001754,tailor,0.892,0.6567,0.5268,0.581,0.9902,37,83599.58,1.77,1,30569.03,0.2309,0.3729,0
msme_001755,salon,0.8134,0.8711,0.7578,0.7173,0.9901,37,61436.83,9.15,0,16934.2,0.2931,0.1378,0
msme_001756,kirana,0.655,0.8474,0.5559,0.8178,0.7745,22,25035.05,2.19,1,22918.53,0.1346,0.454,0
msme_001757,restaurant,0.8048,0.6323,0.6749,0.7932,0.9975,29,84230.47,0.1,2,5728.83,0.3558,0.6019,0
msme_001758,kirana,0.9758,0.3806,0.3021,0.8782,0.7438,34,1000.0,12.65,2,42596.62,0.1361,0.1535,0
msme_001759,mechanic,0.9261,0.7439,0.6765,0.6601,0.8795,30,49029.84,4.86,1,0.0,0.2343,0.2596,0
msme_001760,tailor,0.3157,0.8262,0.621,0.7462,0.8228,36,57553.15,11.79,1,22418.31,0.4736,0.4291,0
msme_001761,pharmacy,0.8314,0.8245,0.5446,0.9394,0.788,19,34072.27,3.27,0,38438.62,0.0786,0.3668,0
msme_001762,pharmacy,0.6527,0.6778,0.9349,0.7369,0.9703,32,42744.12,2.95,0,3415.7,0.2279,0.5152,0
msme_001763,tailor,0.8468,0.7961,0.6709,0.7124,0.8901,36,81916.9,1.17,1,33284.21,0.3468,0.3143,0
msme_001764,salon,0.5758,0.8163,0.5376,0.744,0.9934,29,31287.85,5.17,1,4691.81,0.229,0.0983,0
msme_001765,salon,0.8877,0.4122,0.7926,0.8483,0.9138,20,41265.57,10.54,3,9071.57,0.2583,0.2042,0
msme_001766,tailor,0.8999,0.8937,0.6447,0.8566,0.7955,37,39388.21,1.13,0,12050.41,0.321,0.3895,0
msme_001767,tailor,0.8499,0.6064,0.6586,0.7114,0.9897,29,46957.43,3.1,1,42862.63,0.4087,0.1065,0
msme_001768,restaurant,0.79,0.6624,0.4924,0.8971,0.9356,26,20872.7,6.39,1,25957.17,0.1512,0.3305,0
msme_001769,tailor,0.9364,0.8531,0.6473,0.8166,0.9154,28,46782.01,1.04,0,19850.72,0.1256,0.8481,0
msme_001770,kirana,0.7232,0.6814,0.6964,0.6819,0.9288,23,48058.76,17.74,1,34881.31,0.0639,0.2236,0
msme_001771,salon,0.8905,0.6854,0.8288,0.6624,0.9022,32,86463.94,0.3,1,26441.0,0.3781,0.111,0
msme_001772,salon,0.9539,0.8298,0.53,0.7003,0.8621,32,75067.52,2.02,1,0.0,0.4994,0.0775,0
msme_001773,salon,0.605,0.845,0.6344,0.7871,0.9177,32,21008.73,20.82,1,10623.34,0.2451,0.1313,0
msme_001774,salon,0.8292,0.7225,0.7085,0.8857,0.7337,28,68611.08,1.31,2,32286.45,0.0322,0.0648,0
msme_001775,salon,0.814,0.7767,0.8293,0.5769,0.9492,30,70657.22,1.0,4,15454.9,0.4631,0.1904,0
msme_001776,pharmacy,0.7821,0.5511,0.5038,0.5939,0.8658,42,69675.18,3.09,2,18372.36,0.2448,0.5531,0
msme_001777,restaurant,0.7291,0.4596,0.8192,0.7018,0.8048,35,1375.99,19.02,0,45739.44,0.3661,0.1806,0
msme_001778,mechanic,0.5545,0.5188,0.5814,0.8284,0.8491,34,29194.88,7.42,2,33498.11,0.0782,0.3814,0
msme_001779,tailor,0.8048,0.6461,0.7978,0.7039,0.9011,31,66546.73,5.54,0,0.0,0.2399,0.0485,0
msme_001780,kirana,0.4496,0.7952,0.8022,0.5303,0.7622,25,39972.51,1.77,0,30184.46,0.1794,0.1017,0
msme_001781,restaurant,0.9193,0.6171,0.5232,0.4166,0.8664,33,55202.3,4.3,3,24104.2,0.2581,0.6125,0
msme_001782,mechanic,0.9213,0.7176,0.6029,0.762,0.9264,38,38607.09,0.27,0,0.0,0.3675,0.1537,0
msme_001783,mechanic,0.8243,0.6101,0.6544,0.7221,0.8927,29,95874.78,11.65,0,0.0,0.1893,0.3659,0
msme_001784,restaurant,0.7973,0.672,0.6119,0.5155,0.8589,25,52676.14,5.02,0,23651.74,0.192,0.3656,0
msme_001785,mechanic,0.7916,0.9381,0.7276,0.9376,0.9607,27,44410.29,9.15,2,5853.5,0.401,0.3891,0
msme_001786,restaurant,0.8818,0.4921,0.5353,0.6792,0.8839,32,62286.72,10.77,1,13880.41,0.4052,0.5594,1
msme_001787,pharmacy,0.6051,0.765,0.7134,0.8214,0.7874,30,43337.56,5.92,3,54547.11,0.1353,0.2185,0
msme_001788,pharmacy,0.9317,0.4638,0.6276,0.7782,0.8977,22,54617.1,1.32,1,40464.74,0.5175,0.1598,0
msme_001789,pharmacy,0.9231,0.6682,0.7237,0.6202,0.913,25,71468.89,0.54,3,19499.48,0.1173,0.3554,0
msme_001790,pharmacy,0.9224,0.6993,0.612,0.7384,0.9064,28,37693.59,2.68,2,21875.97,0.1333,0.4344,0
msme_001791,pharmacy,0.5923,0.7028,0.4542,0.8524,0.7748,34,21517.64,0.46,1,17364.28,0.0614,0.0956,0
msme_001792,pharmacy,0.9402,0.6807,0.6403,0.6296,0.918,30,47681.27,2.41,1,22173.65,0.288,0.0717,0
msme_001793,salon,0.8441,0.7846,0.3524,0.7862,0.84,32,73820.78,4.84,1,21881.42,0.2066,0.3632,0
msme_001794,restaurant,0.8213,0.8268,0.882,0.6222,0.7734,34,75494.56,4.12,1,31282.82,0.3916,0.3273,0
msme_001795,pharmacy,0.8104,0.8157,0.6913,0.8183,0.7494,21,121038.0,9.91,0,39461.01,0.4987,0.1837,0
msme_001796,kirana,0.9865,0.8921,0.7941,0.8654,0.9406,25,66162.07,2.8,1,29423.75,0.2468,0.3038,0
msme_001797,mechanic,0.6398,0.9131,0.4479,0.6174,0.9636,32,59899.08,8.92,3,24024.09,0.3806,0.3798,0
msme_001798,kirana,0.9932,0.723,0.735,0.5866,0.8639,36,62713.87,6.75,2,25770.14,0.2261,0.2428,0
msme_001799,tailor,0.8882,0.5622,0.5112,0.5759,0.9765,35,28479.37,0.67,0,18772.87,0.0874,0.2246,0
msme_001800,tailor,0.8008,0.575,0.8139,0.8976,0.9418,31,20425.45,0.76,0,18468.68,0.2515,0.6265,0
msme_001801,salon,0.8456,0.437,0.7821,0.7469,0.9929,24,66091.49,9.39,1,30335.5,0.3787,0.4614,0
msme_001802,kirana,0.6817,0.6717,0.4052,0.4249,0.8202,34,36260.43,8.18,0,0.0,0.042,0.0764,0
msme_001803,salon,0.8227,0.9096,0.7,0.5752,0.9659,34,65730.76,5.93,1,3816.84,0.202,0.1942,0
msme_001804,restaurant,0.877,0.8223,0.6723,0.6136,0.7552,38,11049.26,8.99,1,20699.52,0.1522,0.2897,0
msme_001805,restaurant,0.8572,0.3306,0.6345,0.6731,0.8334,25,75017.12,4.18,0,14657.66,0.087,0.2336,0
msme_001806,pharmacy,0.9565,0.8676,0.3958,0.3735,0.9823,25,104526.97,4.43,0,26772.89,0.0547,0.1575,0
msme_001807,kirana,0.9441,0.7501,0.6866,0.8215,0.8178,27,34092.5,2.32,1,18571.3,0.195,0.1267,0
msme_001808,tailor,0.8039,0.7685,0.7017,0.6765,0.8546,22,23235.43,0.49,4,22092.51,0.1076,0.1102,0
msme_001809,salon,0.6896,0.5036,0.4655,0.7019,0.9319,35,40000.76,8.18,1,12422.52,0.1786,0.0613,0
msme_001810,restaurant,0.6662,0.733,0.7914,0.3655,0.909,30,73820.55,13.59,1,13657.29,0.3931,0.2633,0
msme_001811,restaurant,0.9865,0.7956,0.8186,0.8822,0.9798,29,50090.01,4.14,1,18448.06,0.3478,0.2323,0
msme_001812,tailor,0.8619,0.6774,0.7059,0.711,0.9294,29,33396.81,6.83,3,28321.59,0.0743,0.0464,0
msme_001813,pharmacy,0.8939,0.5352,0.4447,0.7246,0.9067,30,40714.31,7.31,0,44825.62,0.1207,0.1232,0
msme_001814,pharmacy,0.9135,0.8448,0.8352,0.6329,0.884,23,88048.51,1.61,1,2462.06,0.1983,0.3618,0
msme_001815,mechanic,0.7034,0.6928,0.777,0.6786,0.9911,38,27319.56,1.96,1,13575.79,0.0205,0.0377,0
msme_001816,kirana,0.7193,0.8722,0.5548,0.3844,0.9211,30,36880.18,3.68,1,5685.17,0.2409,0.2032,0
msme_001817,restaurant,0.8674,0.9356,0.7763,0.5271,0.8404,28,43479.58,0.24,1,18933.56,0.0269,0.0721,0
msme_001818,pharmacy,0.7519,0.4935,0.5924,0.6801,0.9574,31,46229.15,3.46,3,0.0,0.4527,0.049,0
msme_001819,kirana,0.9361,0.8024,0.4588,0.5523,0.802,27,72025.21,7.04,1,17016.24,0.1729,0.4212,0
msme_001820,restaurant,0.8649,0.8912,0.4061,0.4705,0.9996,24,16882.39,3.53,1,13975.94,0.2102,0.2643,0
msme_001821,kirana,0.882,0.7869,0.5047,0.7786,0.8341,38,84453.64,3.86,2,16931.24,0.2605,0.7025,0
msme_001822,kirana,0.9282,0.781,0.3845,0.9258,0.9169,30,1751.62,6.25,3,21270.6,0.0589,0.3217,0
msme_001823,pharmacy,0.8637,0.5774,0.7366,0.8171,0.7179,21,72536.71,0.1,0,24998.01,0.1139,0.1598,0
msme_001824,restaurant,0.8358,0.8141,0.5051,0.8018,0.842,30,81891.39,1.65,1,34255.84,0.2179,0.4877,0
msme_001825,restaurant,0.97,0.7377,0.5191,0.7411,0.8323,25,69370.91,0.55,0,47070.74,0.3109,0.1846,0
msme_001826,tailor,0.8365,0.7536,0.709,0.8967,0.9136,34,44245.55,1.72,0,21652.63,0.1724,0.1777,0
msme_001827,pharmacy,0.9383,0.6538,0.3875,0.7634,0.9622,40,34216.28,2.56,2,15635.02,0.0488,0.4444,0
msme_001828,pharmacy,0.795,0.7969,0.3096,0.6405,0.975,21,33122.33,0.97,0,10.54,0.105,0.0539,0
msme_001829,pharmacy,0.7956,0.4406,0.7162,0.6753,0.8429,33,75318.06,5.02,2,20382.67,0.2708,0.0035,0
msme_001830,tailor,0.8393,0.8818,0.6071,0.8458,0.9546,28,71577.77,2.78,0,36315.11,0.2262,0.2878,0
msme_001831,salon,0.7349,0.6798,0.6377,0.7383,0.8433,40,72288.2,2.54,1,26597.74,0.1221,0.1401,0
msme_001832,restaurant,0.7443,0.5376,0.7625,0.6597,0.9831,34,1000.0,1.45,3,0.0,0.1073,0.1705,0
msme_001833,kirana,0.971,0.8262,0.4719,0.3943,0.9352,34,63871.46,3.35,1,29442.24,0.2858,0.4112,0
msme_001834,salon,0.872,0.4343,0.5077,0.7756,0.9685,29,47220.96,3.48,1,19217.85,0.0239,0.3126,0
msme_001835,salon,0.6542,0.7364,0.6963,0.648,0.9837,35,47627.93,3.88,1,25461.45,0.1076,0.0432,0
msme_001836,kirana,0.7155,0.7629,0.6677,0.697,0.6022,24,42989.93,5.01,0,15925.85,0.2296,0.1028,0
msme_001837,salon,0.5749,0.5576,0.8753,0.7764,0.787,25,59215.7,7.95,1,28575.11,0.2773,0.2133,0
msme_001838,salon,0.7948,0.6633,0.6758,0.7529,0.9748,22,40782.47,2.7,0,30775.31,0.3743,0.0736,0
msme_001839,pharmacy,0.6563,0.8007,0.5434,0.7024,0.9268,24,57488.81,2.22,0,47234.1,0.131,0.0798,0
msme_001840,tailor,0.8609,0.9216,0.5192,0.5258,0.7502,33,48870.08,2.43,1,32048.32,0.1663,0.277,0
msme_001841,kirana,0.9408,0.5629,0.5628,0.4218,0.7227,33,81465.98,0.95,1,15340.05,0.0233,0.2016,0
msme_001842,restaurant,0.7552,0.8657,0.7058,0.7379,0.8923,31,87636.35,1.83,1,4394.85,0.2278,0.3432,0
msme_001843,salon,0.7095,0.744,0.5514,0.5487,0.915,25,67376.17,0.17,2,39837.41,0.2842,0.3412,0
msme_001844,salon,0.6789,0.7636,0.6085,0.5392,0.8861,32,34600.21,0.21,0,23579.87,0.0329,0.2473,0
msme_001845,salon,0.9128,0.7276,0.7659,0.6102,0.9295,28,53439.77,0.65,1,22015.85,0.338,0.1552,0
msme_001846,pharmacy,0.8234,0.6176,0.575,0.7036,0.8637,33,52152.35,3.97,0,5920.53,0.1308,0.3504,0
msme_001847,tailor,0.883,0.8425,0.4172,0.4914,0.9577,30,49098.31,2.72,1,1232.74,0.4537,0.0569,0
msme_001848,tailor,0.9248,0.7929,0.4757,0.4974,0.7449,25,29476.36,1.14,0,37098.41,0.0167,0.2927,0
msme_001849,pharmacy,0.8792,0.5605,0.7942,0.6118,0.6207,25,60882.4,4.75,0,40337.55,0.0638,0.5675,0
msme_001850,restaurant,0.7344,0.8454,0.7201,0.7366,0.9986,36,64016.9,3.09,0,19455.2,0.1374,0.5215,0
msme_001851,restaurant,0.576,0.7638,0.6873,0.8478,0.9206,35,25504.14,7.64,0,33741.3,0.4483,0.2608,0
msme_001852,salon,0.5557,0.783,0.49,0.7864,0.5864,38,61361.5,1.78,2,26279.22,0.2479,0.8196,0
msme_001853,restaurant,0.8396,0.8671,0.7673,0.497,0.8923,42,40655.09,2.08,1,7285.9,0.0646,0.0227,0
msme_001854,kirana,0.8499,0.8348,0.4463,0.6269,0.9672,44,61703.28,3.45,1,20436.7,0.1059,0.4189,0
msme_001855,salon,0.6769,0.6403,0.7088,0.9487,0.9703,27,51177.38,5.29,1,33222.06,0.1512,0.1888,0
msme_001856,mechanic,0.6738,0.7158,0.8125,0.4676,0.967,35,60119.03,9.41,2,27778.77,0.1148,0.1814,0
msme_001857,salon,0.9739,0.572,0.2602,0.3296,0.9291,26,38392.99,0.12,0,18574.6,0.0411,0.2954,0
msme_001858,kirana,0.6502,0.5327,0.7033,0.6055,0.9048,25,88330.08,1.07,0,18904.5,0.0504,0.0766,0
msme_001859,salon,0.7873,0.5957,0.3634,0.7322,0.959,28,67911.4,0.66,3,7872.21,0.2211,0.0919,0
msme_001860,pharmacy,0.9568,0.6741,0.5877,0.7342,0.8217,35,32598.29,4.02,0,13206.2,0.1382,0.4568,0
msme_001861,tailor,0.6909,0.6147,0.4684,0.7866,0.9268,33,64346.05,5.58,1,39785.89,0.025,0.2598,0
msme_001862,salon,0.8795,0.8609,0.6432,0.5117,0.8879,20,68214.97,3.72,1,18201.9,0.0667,0.0898,0
msme_001863,kirana,0.8435,0.9096,0.4122,0.6796,0.9346,35,90331.72,4.61,3,992.47,0.1582,0.0524,0
msme_001864,salon,0.8663,0.4901,0.4454,0.4921,0.9646,38,36799.35,5.84,1,44016.19,0.2257,0.3329,0
msme_001865,mechanic,0.9331,0.5204,0.4269,0.886,0.7605,29,1000.0,7.21,0,19277.72,0.1391,0.0526,0
msme_001866,mechanic,0.9806,0.5688,0.5371,0.9257,0.8269,28,14440.12,5.41,0,27351.09,0.465,0.19,0
msme_001867,mechanic,0.8894,0.4879,0.7769,0.6626,0.949,27,54674.98,3.72,0,34311.15,0.2525,0.2498,0
msme_001868,pharmacy,0.9876,0.773,0.7308,0.7859,0.9703,26,47324.73,1.99,2,26087.71,0.11,0.0324,0
msme_001869,pharmacy,0.8545,0.7881,0.6931,0.7634,0.9928,26,73594.04,1.12,0,36260.13,0.1742,0.3854,0
msme_001870,mechanic,0.4726,0.7638,0.7994,0.6592,0.9696,31,1000.0,3.62,1,30475.28,0.0804,0.3234,0
msme_001871,salon,0.4363,0.7241,0.7296,0.5078,0.8456,34,42556.38,4.59,2,33455.31,0.2338,0.2003,0
msme_001872,restaurant,0.7848,0.6815,0.5416,0.8942,0.9845,31,62253.91,5.28,0,26729.73,0.0696,0.1131,0
msme_001873,pharmacy,0.8068,0.6329,0.4975,0.6115,0.9073,24,1000.0,2.76,2,22824.16,0.4885,0.5482,0
msme_001874,mechanic,0.8006,0.4083,0.6505,0.8904,0.9614,29,23548.55,7.08,0,22450.2,0.1505,0.4006,0
msme_001875,kirana,0.9224,0.8375,0.5968,0.884,1.0,34,60412.65,2.27,0,8344.3,0.0888,0.2824,0
msme_001876,mechanic,0.8493,0.7948,0.7778,0.7995,0.9977,22,92454.53,6.68,1,14312.85,0.0217,0.4682,0
msme_001877,kirana,0.9294,0.596,0.4589,0.6992,0.8992,35,1000.0,6.85,3,0.0,0.4103,0.1291,0
msme_001878,mechanic,0.7504,0.7234,0.4932,0.5574,0.9205,28,49989.76,8.6,0,4677.5,0.0677,0.3458,0
msme_001879,pharmacy,0.5295,0.7048,0.7273,0.7457,0.9171,23,12777.32,12.9,0,15238.61,0.0329,0.5075,0
msme_001880,restaurant,0.7028,0.4348,0.839,0.8101,0.8216,32,43209.31,2.55,0,842.83,0.1759,0.5444,0
msme_001881,tailor,0.8538,0.7582,0.4344,0.9296,0.9259,42,51827.94,0.4,2,22422.94,0.101,0.5212,0
msme_001882,restaurant,0.8309,0.7568,0.3767,0.7667,0.9382,25,47921.08,3.59,1,12393.87,0.1513,0.5619,0
msme_001883,mechanic,0.6215,0.709,0.5914,0.6552,0.9743,41,44968.26,8.62,3,27492.46,0.5063,0.1703,0
msme_001884,pharmacy,0.9038,0.7463,0.565,0.7432,0.7321,32,51041.61,13.47,1,5618.18,0.2277,0.0649,0
msme_001885,kirana,0.6481,0.8439,0.4124,0.805,0.7521,32,42354.9,1.96,0,24343.19,0.0911,0.2685,0
msme_001886,tailor,0.8124,0.6205,0.6456,0.9024,0.9966,31,58688.94,1.33,0,9489.39,0.1541,0.0939,0
msme_001887,pharmacy,0.9094,0.5583,0.4603,0.5059,0.9523,42,70325.42,0.35,1,22667.55,0.3895,0.1481,0
msme_001888,salon,0.8913,0.5557,0.2688,0.7112,0.8915,27,1000.0,16.4,0,3820.02,0.0993,0.1509,0
msme_001889,kirana,0.7466,0.3975,0.5154,0.8297,0.9677,42,21929.76,0.31,2,28819.0,0.1178,0.3607,0
msme_001890,tailor,0.7812,0.6407,0.5823,0.712,0.9653,26,66061.85,10.14,0,8874.89,0.187,0.1619,0
msme_001891,restaurant,0.6634,0.3837,0.5152,0.7415,0.9927,29,1000.0,10.75,0,38844.94,0.1634,0.192,0
msme_001892,tailor,0.8046,0.6178,0.4229,0.8773,0.9723,29,47153.0,1.89,2,36987.66,0.162,0.3824,0
msme_001893,salon,0.8487,0.9383,0.613,0.8125,0.7738,35,68396.62,1.82,0,23699.0,0.1548,0.5666,0
msme_001894,kirana,0.8437,0.7464,0.7299,0.8383,0.9025,37,65207.39,11.98,1,25159.63,0.1295,0.2856,0
msme_001895,tailor,0.8081,0.9072,0.7248,0.8401,0.8567,31,19061.74,0.74,1,29493.54,0.2718,0.1202,0
msme_001896,tailor,0.7936,0.8304,0.7869,0.9025,0.8728,32,62208.39,4.11,1,17806.39,0.2698,0.5194,0
msme_001897,kirana,0.9065,0.6274,0.652,0.6835,0.9971,42,30690.4,7.51,0,52138.94,0.2035,0.1098,0
msme_001898,restaurant,0.7747,0.8391,0.4676,0.5661,0.9092,31,37746.88,3.55,2,36448.8,0.0102,0.1204,0
msme_001899,mechanic,0.6969,0.8702,0.5245,0.7871,0.9708,25,42958.18,1.46,2,36026.02,0.0411,0.3383,0
msme_001900,salon,0.7241,0.7396,0.6462,0.5919,0.9002,28,41269.05,2.58,1,45506.98,0.2362,0.0228,0
msme_001901,kirana,0.7851,0.7874,0.5851,0.6527,0.8046,35,68796.1,4.89,1,47837.19,0.1628,0.3056,0
msme_001902,tailor,0.6339,0.8757,0.5493,0.6111,0.9411,26,59738.92,2.42,1,28218.01,0.1343,0.366,0
msme_001903,salon,0.9454,0.6701,0.7516,0.753,0.7753,31,45981.1,3.81,1,43848.38,0.2783,0.1305,0
msme_001904,pharmacy,0.7098,0.8583,0.5927,0.8127,0.81,30,50156.16,2.9,1,2558.88,0.0771,0.0442,0
msme_001905,mechanic,0.5348,0.598,0.6097,0.5612,0.8741,28,54885.23,0.33,1,25801.38,0.2711,0.5552,0
msme_001906,mechanic,0.5739,0.6921,0.3535,0.3739,0.9105,33,50889.09,5.47,0,20085.44,0.1942,0.4492,0
msme_001907,restaurant,0.7324,0.6675,0.8181,0.9231,0.8712,34,80503.24,9.08,2,17407.45,0.147,0.2058,0
msme_001908,kirana,0.9439,0.6829,0.6256,0.6101,0.8243,38,68152.9,4.1,1,11687.26,0.0847,0.3831,0
msme_001909,tailor,0.7866,0.7233,0.6288,0.8591,0.9772,27,88678.87,16.21,0,15999.4,0.2067,0.3515,0
msme_001910,tailor,0.9658,0.8363,0.5995,0.6939,0.9329,36,54079.52,3.85,0,10896.94,0.3405,0.216,0
msme_001911,restaurant,0.8844,0.5762,0.4073,0.5945,0.9797,31,36960.71,5.44,0,14908.1,0.1134,0.0742,0
msme_001912,tailor,0.9136,0.5778,0.522,0.6177,0.9784,33,1000.0,7.04,2,0.0,0.1085,0.2274,0
msme_001913,pharmacy,0.9134,0.68,0.5095,0.9038,0.955,30,44797.84,0.23,3,22509.64,0.2334,0.2155,0
msme_001914,restaurant,0.7829,0.6102,0.5156,0.4557,0.9913,28,60697.24,1.79,0,16653.93,0.3348,0.5815,1
msme_001915,tailor,0.7936,0.8487,0.7818,0.7563,0.9958,27,38143.58,3.03,3,62226.02,0.4626,0.2483,0
msme_001916,salon,0.8488,0.7711,0.5398,0.7084,0.738,38,35026.28,5.01,0,18058.08,0.268,0.2,0
msme_001917,tailor,0.7051,0.5995,0.5598,0.8329,0.8651,28,52621.35,10.94,3,2137.66,0.078,0.386,0
msme_001918,mechanic,0.887,0.7342,0.4528,0.7599,0.997,30,45784.31,12.26,2,45520.37,0.2085,0.3679,0
msme_001919,restaurant,0.9188,0.5971,0.3901,0.937,0.9982,27,45129.97,0.49,2,2481.73,0.2411,0.4175,0
msme_001920,pharmacy,0.8376,0.5505,0.55,0.6251,0.9708,35,51029.86,7.09,2,42017.11,0.0988,0.0429,0
msme_001921,mechanic,0.8442,0.5707,0.6115,0.6775,0.9828,34,68916.07,4.17,1,32361.34,0.099,0.2389,0
msme_001922,tailor,0.9609,0.5186,0.9572,0.4044,0.4904,27,45950.74,3.43,2,41074.78,0.1201,0.1793,0
msme_001923,restaurant,0.9301,0.8576,0.7576,0.7098,0.8478,32,27269.7,4.8,1,31584.08,0.2804,0.4872,0
msme_001924,salon,0.6172,0.7836,0.6472,0.813,0.8375,22,61954.23,0.61,1,31224.07,0.1679,0.7075,0
msme_001925,kirana,0.9763,0.6807,0.5486,0.7233,0.9978,29,51185.17,1.33,1,22197.3,0.3423,0.3632,0
msme_001926,restaurant,0.8936,0.4895,0.3312,0.818,0.9718,23,1000.0,0.36,1,13060.31,0.053,0.0576,0
msme_001927,mechanic,0.6656,0.5205,0.5499,0.8753,0.9941,33,12627.21,7.9,0,0.0,0.1303,0.3171,0
msme_001928,salon,0.8725,0.7351,0.7268,0.7312,0.8758,29,21620.9,1.52,1,16645.04,0.3661,0.2323,0
msme_001929,mechanic,0.9294,0.8864,0.6333,0.6477,0.8669,26,64196.18,3.7,2,24165.3,0.1585,0.4589,0
msme_001930,pharmacy,0.8313,0.6569,0.6987,0.7121,0.9426,36,67928.04,3.61,1,27718.29,0.018,0.2854,0
msme_001931,mechanic,0.7927,0.4152,0.8556,0.7651,0.9379,24,69702.4,6.15,1,26447.9,0.0943,0.1921,0
msme_001932,mechanic,0.7445,0.6892,0.4506,0.5526,0.999,20,44197.29,1.77,1,15005.73,0.2003,0.3628,0
msme_001933,restaurant,0.6684,0.5763,0.469,0.7391,0.9217,30,44138.05,17.44,1,14000.49,0.2843,0.1142,0
msme_001934,restaurant,0.6845,0.8073,0.7529,0.7545,0.9039,34,62112.19,4.72,1,7372.59,0.3886,0.3087,0
msme_001935,tailor,0.887,0.6542,0.5269,0.7031,0.9979,39,34735.46,0.1,3,33791.47,0.1618,0.444,0
msme_001936,tailor,0.632,0.8119,0.6863,0.7779,0.9094,24,12754.58,2.0,2,21045.72,0.1921,0.5434,0
msme_001937,salon,0.7916,0.7346,0.5101,0.8928,0.916,29,50050.67,6.11,0,29656.6,0.0762,0.4035,0
msme_001938,mechanic,0.9247,0.67,0.5826,0.8997,0.848,25,44916.0,2.29,0,33296.69,0.207,0.1262,0
msme_001939,restaurant,0.9712,0.6863,0.6899,0.7733,0.9799,29,76728.95,0.87,3,19065.13,0.2552,0.0314,0
msme_001940,pharmacy,0.8448,0.7649,0.8602,0.4634,0.9639,27,38069.03,1.15,1,3620.67,0.0649,0.3963,0
msme_001941,mechanic,0.8926,0.8284,0.7184,0.5961,0.8134,26,18953.84,2.94,2,31579.15,0.1434,0.4275,0
msme_001942,pharmacy,0.9507,0.8647,0.4224,0.7682,0.8686,21,40685.37,0.8,4,50829.46,0.0613,0.0878,0
msme_001943,kirana,0.9501,0.7199,0.6957,0.7658,0.8941,34,30700.9,3.07,1,62351.4,0.1926,0.1354,0
msme_001944,salon,0.9102,0.8332,0.6961,0.8871,0.8208,36,55328.16,6.77,0,7156.02,0.242,0.4039,0
msme_001945,mechanic,0.87,0.5059,0.8151,0.729,0.7393,21,54451.32,0.24,1,3460.51,0.3029,0.6094,0
msme_001946,tailor,0.6785,0.8078,0.6909,0.5497,0.5606,27,16765.26,24.92,2,31912.02,0.1478,0.2146,0
msme_001947,restaurant,0.826,0.7425,0.5978,0.7706,0.8545,29,81758.67,1.2,0,24494.47,0.1925,0.1014,0
msme_001948,restaurant,0.9197,0.5108,0.6067,0.5795,0.9679,26,101618.16,1.25,1,19338.36,0.3765,0.1365,0
msme_001949,mechanic,0.9122,0.8125,0.8344,0.8382,0.8036,30,52530.76,9.5,1,37832.05,0.0881,0.3282,0
msme_001950,restaurant,0.8655,0.3985,0.8325,0.8107,0.9409,33,16913.28,12.16,2,25215.59,0.0595,0.0474,0
msme_001951,tailor,0.6541,0.8002,0.3881,0.5975,0.9534,32,60343.97,0.57,1,11467.81,0.5544,0.2132,0
msme_001952,pharmacy,0.8814,0.7661,0.6665,0.777,0.7694,23,107236.05,5.49,1,42582.07,0.0256,0.2213,0
msme_001953,mechanic,0.8166,0.4851,0.4811,0.5603,0.9122,29,61135.95,0.11,0,18705.11,0.2003,0.178,0
msme_001954,salon,0.6534,0.4314,0.6326,0.6026,0.9754,37,58049.46,6.89,1,15287.19,0.2178,0.4675,0
msme_001955,tailor,0.8214,0.6928,0.5661,0.8395,0.9213,32,49442.05,2.12,1,35161.47,0.1441,0.5028,0
msme_001956,mechanic,0.7857,0.6617,0.6802,0.2618,0.9604,26,75867.59,6.45,0,12663.63,0.0995,0.5958,0
msme_001957,tailor,0.6676,0.7924,0.4628,0.7409,0.9863,45,54192.09,12.19,1,36686.51,0.2591,0.1096,0
msme_001958,restaurant,0.8267,0.8999,0.4827,0.7833,0.964,33,44773.98,0.69,0,27720.34,0.1604,0.4851,0
msme_001959,pharmacy,0.8813,0.758,0.6534,0.543,0.9911,35,57391.19,2.8,2,40210.49,0.2819,0.2952,0
msme_001960,mechanic,0.6708,0.8073,0.4437,0.6612,0.9502,24,55204.24,3.27,1,10093.69,0.0462,0.5148,0
msme_001961,salon,0.8179,0.8481,0.6883,0.6922,0.8308,18,74207.93,3.41,1,1481.31,0.139,0.1672,0
msme_001962,kirana,0.8667,0.9509,0.851,0.7698,0.802,29,54737.71,1.37,0,44835.19,0.1306,0.3836,0
msme_001963,restaurant,0.8479,0.7551,0.7499,0.628,0.9478,35,35293.41,8.01,0,13558.4,0.3753,0.3918,0
msme_001964,salon,0.7633,0.5645,0.4487,0.898,0.8376,31,53704.85,3.55,0,24137.89,0.1837,0.4465,0
msme_001965,tailor,0.7793,0.5379,0.4602,0.7288,0.8317,35,76507.81,2.68,3,9305.94,0.3334,0.509,0
msme_001966,restaurant,0.8029,0.8232,0.7169,0.6144,0.9019,20,81662.03,3.09,1,30717.18,0.1259,0.4143,0
msme_001967,mechanic,0.6469,0.5225,0.7011,0.5808,0.9291,31,66294.18,6.1,3,34542.39,0.0686,0.3275,0
msme_001968,tailor,0.792,0.7327,0.5412,0.4685,0.8709,30,13678.61,8.41,1,21827.86,0.3443,0.5569,0
msme_001969,tailor,0.8806,0.8274,0.6803,0.7156,0.7982,28,76224.06,0.1,2,39502.31,0.0718,0.1214,0
msme_001970,salon,0.4049,0.6685,0.6083,0.8179,0.5738,24,13208.78,5.49,0,31266.16,0.2012,0.4403,0
msme_001971,pharmacy,0.9946,0.7346,0.5658,0.8362,0.9639,24,23210.13,5.58,0,19197.25,0.0863,0.1531,0
msme_001972,restaurant,0.7814,0.6535,0.4806,0.7283,0.7676,27,45125.3,23.45,1,4731.9,0.1366,0.2229,0
msme_001973,kirana,0.8295,0.781,0.5993,0.7094,0.9747,29,55171.53,5.37,0,19362.15,0.1388,0.1447,0
msme_001974,restaurant,0.9575,0.6549,0.528,0.6889,0.9236,40,74629.36,1.9,0,0.0,0.0513,0.2726,0
msme_001975,mechanic,0.7979,0.7782,0.5513,0.6925,0.9708,32,72873.18,14.18,0,22596.48,0.2947,0.3086,0
msme_001976,kirana,0.8444,0.8778,0.6023,0.642,0.8447,29,70865.62,0.4,2,30219.6,0.2183,0.588,0
msme_001977,tailor,0.6032,0.7545,0.3143,0.4603,0.9606,36,20162.18,0.29,3,1264.17,0.4537,0.4361,0
msme_001978,tailor,0.3777,0.7651,0.7818,0.6729,0.9608,27,68288.05,4.3,1,3727.46,0.209,0.2042,0
msme_001979,tailor,0.8452,0.4927,0.6098,0.7758,0.924,32,33424.2,2.07,4,12001.49,0.0592,0.1249,0
msme_001980,kirana,0.7835,0.8076,0.7025,0.61,0.922,38,11523.55,7.23,1,24584.25,0.212,0.1254,0
msme_001981,pharmacy,0.7467,0.4757,0.6636,0.7141,0.992,20,59770.54,10.22,2,24984.59,0.273,0.2684,0
msme_001982,pharmacy,0.9078,0.7141,0.4091,0.8163,0.9825,37,30630.26,5.01,1,34467.32,0.1403,0.2462,0
msme_001983,pharmacy,0.8219,0.9195,0.2287,0.3483,0.9723,27,36828.51,4.17,1,30680.85,0.321,0.4027,0
msme_001984,kirana,0.7579,0.7931,0.6869,0.5379,0.9261,29,58752.06,2.15,3,30916.98,0.1621,0.6243,0
msme_001985,restaurant,0.6915,0.6662,0.3745,0.5069,0.9707,22,62907.18,5.39,0,7771.08,0.0388,0.1093,0
msme_001986,kirana,0.8947,0.7755,0.6344,0.8394,0.9715,35,38689.64,0.92,1,26091.76,0.0412,0.2729,0
msme_001987,salon,0.8058,0.5498,0.2632,0.4497,0.9321,25,26193.16,9.53,0,15550.12,0.3734,0.2329,0
msme_001988,restaurant,0.72,0.7447,0.5703,0.4035,0.9802,36,37383.06,3.98,0,32613.61,0.3564,0.4801,1
msme_001989,restaurant,0.7921,0.7802,0.5249,0.7681,0.9551,36,1000.0,3.7,0,27873.94,0.118,0.3364,0
msme_001990,restaurant,0.8239,0.8417,0.609,0.6143,0.967,25,43393.55,1.21,0,48066.76,0.1639,0.2166,0
msme_001991,mechanic,0.8666,0.4166,0.6368,0.7,0.8925,34,71961.61,0.92,0,40765.37,0.176,0.4469,0
msme_001992,pharmacy,0.807,0.8905,0.5711,0.7383,0.9827,35,72841.16,3.92,0,24063.16,0.0957,0.0354,0
msme_001993,mechanic,0.708,0.7128,0.6209,0.7844,0.917,30,23029.25,1.56,0,1890.23,0.2764,0.2118,0
msme_001994,kirana,0.9431,0.894,0.6216,0.8982,0.8025,30,28039.56,10.61,0,28381.3,0.2868,0.2128,0
msme_001995,mechanic,0.8618,0.6986,0.727,0.5691,0.9376,38,32043.01,2.0,0,31344.32,0.44,0.534,0
msme_001996,salon,0.8964,0.7763,0.8479,0.4476,0.8886,27,58487.41,5.31,0,24945.9,0.1631,0.4753,0
msme_001997,mechanic,0.7038,0.8396,0.6446,0.6896,0.8784,31,25322.59,17.59,1,41469.06,0.2176,0.2275,0
msme_001998,restaurant,0.7648,0.6996,0.416,0.8315,0.9144,34,40466.09,7.72,1,24600.7,0.0819,0.3957,0
msme_001999,mechanic,0.8536,0.6021,0.7468,0.6844,0.9719,34,34805.35,11.51,1,7346.1,0.0715,0.2867,0
